"Dia Mês da Notific";"Água Rasa";"Alto de Pinheiros";"Anhangüera";"Aricanduva";"Artur Alvim";"Barra Funda";"Bela Vista";"Belém";"Bom Retiro";"Brás";"Brasilândia";"Butantã";"Cachoeirinha";"Cambuci";"Campo Belo";"Campo Grande";"Campo Limpo";"Cangaíba";"Capão Redondo";"Carrão";"Casa Verde";"Cidade Ademar";"Cidade Dutra";"Cidade Líder";"Cidade Tiradentes";"Consolação";"Cursino";"Ermelino Matarazzo";"Freguesia do Ó";"Grajaú";"Guaianases";"Iguatemi";"Ipiranga";"Itaim Bibi";"Itaim Paulista";"Itaquera";"Jabaquara";"Jacanã";"Jaguara";"Jaguaré";"Jaraguá";"Jardim Angela";"Jardim Helena";"Jardim Paulista";"Jardim São Luís";"José Bonifácio";"Lajeado";"Lapa";"Liberdade";"Limão";"Mandaqui";"Marsilac";"Moema";"Mooca";"Morumbi";"Parelheiros";"Pari";"Parque do Carmo";"Pedreira";"Penha";"Perdizes";"Perus";"Pinheiros";"Pirituba";"Ponte Rasa";"Raposo Tavares";"República";"Rio Pequeno";"Sacomã";"Santa Cecília";"Santana";"Santo Amaro";"São Domingos";"São Lucas";"São Mateus";"São Miguel";"São Rafael";"Sapopemba";"Saúde";"Sé";"Socorro";"Tatuapé";"Tremembé";"Tucuruvi";"Vila Andrade";"Vila Curuçá";"Vila Formosa";"Vila Guilherme";"Vila Jacuí";"Vila Leopoldina";"Vila Maria";"Vila Mariana";"Vila Matilde";"Vila Medeiros";"Vila Prudente";"Vila Sônia";"Total"
"Ign/Branco";-;-;-;-;-;-;-;1;-;-;-;-;-;-;-;-;2;2;-;1;-;1;-;-;-;-;-;-;1;-;-;-;-;1;1;-;-;-;-;-;2;-;-;1;-;-;-;-;-;-;-;-;-;-;-;-;-;-;-;1;1;-;-;-;-;-;-;-;2;-;-;-;-;1;-;1;-;2;-;1;-;-;1;-;-;1;-;-;-;-;-;-;-;-;-;-;24
"20/01";-;-;-;-;-;-;-;-;-;-;-;-;-;-;-;-;-;-;-;-;-;-;-;-;-;-;-;-;-;-;-;-;-;-;-;-;-;-;-;-;-;-;1;-;-;-;-;-;-;-;-;-;-;-;-;-;-;-;-;-;-;-;-;-;-;-;-;-;-;-;-;-;-;-;-;-;-;-;-;-;-;-;-;-;-;-;-;-;-;-;-;-;-;-;-;-;1
"05/02";-;-;-;-;-;-;-;-;-;-;-;-;-;-;-;-;-;-;-;-;-;-;-;1;-;-;-;-;-;-;-;-;-;-;-;-;-;-;-;-;-;-;-;-;-;-;-;-;-;-;-;-;-;-;-;-;-;-;-;-;-;-;-;-;-;-;-;-;-;-;-;-;-;-;-;-;-;-;-;-;-;-;-;-;-;-;-;-;-;-;-;-;-;-;-;-;1
"01/03";-;-;-;-;-;-;-;-;-;-;-;-;-;-;-;-;-;-;-;-;-;-;-;-;-;-;-;-;-;-;-;-;-;-;-;-;-;-;-;-;-;-;-;-;-;-;-;-;-;-;-;-;-;-;-;-;-;-;-;-;-;-;-;-;-;-;-;-;-;-;-;-;-;-;-;-;-;-;-;-;-;-;-;-;-;-;-;-;-;-;1;-;-;-;-;-;1
"06/03";-;-;-;-;-;-;-;-;-;-;-;-;-;-;-;-;-;-;-;-;-;1;-;-;-;-;-;-;-;-;-;-;-;-;-;-;-;-;-;-;-;-;-;-;-;-;-;-;-;-;-;-;-;-;-;-;-;-;-;-;-;-;-;-;-;-;-;-;-;-;-;-;-;-;-;-;-;-;-;-;-;-;1;-;-;-;-;-;-;-;-;-;-;-;-;-;2
"12/03";-;-;-;-;-;-;-;-;-;-;-;-;-;-;-;-;-;-;-;-;-;-;-;-;-;-;-;-;-;-;-;-;-;-;-;-;-;1;-;-;-;-;-;-;-;1;-;-;-;-;-;-;-;-;-;-;-;-;-;-;-;-;-;-;-;-;-;-;-;1;-;-;-;-;-;-;-;-;-;-;-;-;-;-;-;-;-;-;-;-;1;-;-;-;-;-;4
"13/03";-;-;-;-;-;-;-;-;-;-;-;-;-;-;-;-;-;-;-;-;-;-;-;-;1;-;-;-;-;-;-;-;-;-;-;-;-;-;-;-;-;-;-;1;-;-;-;-;-;-;-;-;-;-;-;-;-;-;-;-;-;-;-;-;-;-;-;-;-;-;-;-;-;-;-;-;-;-;-;-;-;-;-;-;-;-;-;-;-;-;-;-;-;-;-;-;2
"14/03";-;-;-;-;-;-;-;-;-;-;-;-;-;-;-;-;-;-;-;-;-;-;-;-;-;-;-;-;-;-;-;-;-;-;-;-;-;-;-;-;-;-;-;-;-;1;-;-;-;-;-;-;-;-;-;-;-;-;-;-;-;-;-;-;-;-;-;-;-;-;-;-;-;-;-;-;-;-;-;-;-;-;-;-;-;-;-;-;-;-;-;-;-;-;-;1;2
"15/03";-;-;-;-;-;-;-;-;-;-;1;-;-;1;-;-;-;-;-;1;-;-;-;-;-;-;-;1;-;-;-;-;-;1;-;-;-;-;-;-;-;-;-;-;-;-;-;-;-;-;-;-;-;-;-;-;-;-;-;-;-;-;-;-;-;-;-;-;-;-;-;-;-;-;-;-;-;-;-;-;-;-;-;-;-;-;-;-;-;-;-;-;-;-;-;-;5
"16/03";-;-;-;-;-;-;-;-;-;-;-;-;-;-;-;-;-;-;-;-;-;-;-;-;-;-;-;-;-;-;-;-;-;-;-;-;-;-;-;-;-;-;-;-;-;-;-;-;1;-;-;-;1;-;2;-;-;-;-;-;-;-;-;-;-;-;-;-;-;-;-;-;-;-;-;-;-;-;-;-;-;-;-;1;-;-;-;-;-;-;-;-;-;-;-;-;5
"17/03";-;-;-;-;-;-;1;-;-;-;-;-;-;-;-;-;-;-;-;-;1;-;-;-;-;-;-;-;-;-;-;-;-;-;-;-;-;-;-;-;-;-;-;-;-;-;-;1;-;-;-;-;-;-;-;-;-;-;-;1;-;-;-;-;-;-;-;-;-;-;-;-;-;-;-;1;-;-;-;-;-;-;-;-;-;-;-;-;-;-;-;-;-;-;1;-;6
"18/03";-;-;-;-;-;-;-;1;-;-;1;-;-;1;-;1;-;-;-;-;-;1;-;1;-;-;-;-;-;-;-;-;-;-;-;-;-;-;-;-;-;1;-;-;-;-;-;-;-;-;1;-;-;1;-;-;-;-;-;-;-;-;-;-;-;-;1;-;-;-;-;-;-;-;-;-;-;-;-;-;-;-;-;-;-;-;-;-;-;-;-;-;1;-;1;-;12
"19/03";-;-;-;-;-;-;-;-;-;-;-;-;-;-;-;-;-;-;1;-;1;-;-;2;-;-;-;-;1;-;-;-;-;-;-;1;-;-;-;-;-;-;-;-;-;-;-;-;-;-;-;-;1;-;-;-;-;-;-;-;1;-;-;1;2;-;-;-;-;3;-;-;-;-;-;-;-;1;2;-;-;-;-;-;1;-;1;-;-;-;-;1;-;-;-;-;20
"20/03";1;-;-;-;-;-;1;-;-;-;-;-;-;-;-;-;-;-;-;-;-;2;1;-;-;-;-;-;-;-;-;-;1;1;1;-;1;1;-;-;-;-;-;1;-;-;-;1;-;-;-;-;1;-;-;-;-;-;-;-;-;-;-;-;-;-;-;1;-;-;-;-;1;1;-;-;1;-;2;-;-;-;-;-;-;-;-;-;-;-;-;2;-;-;-;-;21
"21/03";-;-;-;1;-;-;-;-;-;-;-;-;-;-;-;-;-;-;-;-;-;1;-;-;-;-;1;-;-;-;1;-;-;-;1;-;3;-;-;-;-;-;-;-;-;-;-;-;-;-;-;-;-;-;-;-;-;-;-;-;-;-;-;-;-;-;-;-;1;-;-;-;1;-;-;-;-;-;-;-;-;-;1;-;1;-;-;-;-;-;1;1;-;-;-;1;15
"22/03";-;-;-;-;-;-;-;-;-;-;-;-;-;-;-;-;-;-;-;-;-;-;-;-;-;1;-;-;-;-;-;-;-;-;-;-;-;-;-;-;-;-;-;-;-;-;-;-;-;-;-;-;-;-;-;-;-;1;-;-;-;-;1;-;-;-;-;-;2;-;-;-;-;-;-;-;-;-;-;-;-;1;-;-;-;1;-;-;-;-;-;2;-;-;-;-;9
"23/03";2;-;1;-;3;-;1;-;-;-;-;-;-;-;-;-;-;-;-;1;-;1;-;2;-;-;1;-;-;-;-;1;1;1;1;-;1;2;-;-;-;1;-;-;-;-;-;-;1;-;1;-;1;-;-;-;-;-;-;1;-;-;-;-;3;-;-;-;1;-;1;1;-;1;1;1;-;2;-;-;-;-;1;-;2;-;-;-;-;-;1;3;-;1;-;-;43
"24/03";1;-;1;-;-;-;1;-;-;-;1;-;-;-;-;-;1;-;-;-;-;1;-;-;2;1;-;-;-;1;-;-;-;-;1;-;-;-;-;-;1;1;-;1;-;-;-;1;-;-;1;-;1;1;-;-;-;-;-;-;-;-;-;1;-;-;-;-;-;-;1;-;-;-;1;-;-;1;-;1;-;1;-;-;1;-;-;-;-;-;-;1;-;-;2;-;28
"25/03";-;-;-;-;4;-;-;-;-;-;1;-;1;-;-;-;-;-;1;1;-;1;-;-;-;1;-;-;-;2;2;-;-;-;-;2;3;1;-;-;-;-;-;-;-;-;1;-;-;-;-;-;1;-;-;1;-;-;1;-;-;-;-;1;-;-;-;1;-;-;3;1;-;1;-;1;-;1;1;-;-;-;2;1;1;-;-;1;-;-;-;2;1;-;2;-;44
"26/03";-;-;1;1;2;-;-;-;-;-;-;-;1;-;-;-;-;2;-;-;-;-;1;1;-;-;-;1;-;-;-;-;-;-;-;-;1;-;-;1;-;2;1;-;-;2;1;-;1;1;-;-;1;-;-;-;-;-;-;-;-;-;-;-;-;-;-;-;-;-;-;1;-;1;-;-;-;2;-;-;-;1;-;-;1;-;-;-;-;-;-;-;-;-;1;1;29
"27/03";-;5;-;1;3;-;3;-;1;-;3;1;1;-;1;4;3;3;1;-;1;4;-;5;2;3;3;1;1;3;1;1;3;10;5;2;5;1;-;-;1;4;-;10;2;1;3;1;2;2;1;-;14;1;8;2;1;-;3;3;4;-;9;3;4;1;2;2;6;5;-;4;1;-;2;2;1;2;3;1;1;2;1;1;9;1;1;-;2;3;1;2;2;1;2;1;222
"28/03";-;1;1;1;2;-;2;-;-;1;2;1;1;-;4;1;5;2;4;-;-;1;5;2;5;3;2;-;2;7;3;-;-;6;5;1;8;-;-;-;2;5;-;5;2;-;1;1;2;1;2;-;8;1;12;3;1;-;4;1;3;2;4;4;1;3;1;3;1;2;3;1;1;-;4;2;-;1;5;1;1;1;1;-;10;2;-;-;1;4;-;2;-;-;1;3;197
"29/03";-;-;-;2;-;1;-;1;-;-;-;-;-;-;2;-;1;3;-;3;1;1;-;-;-;1;-;1;-;1;-;1;-;3;1;2;3;-;-;-;-;-;-;6;3;1;1;-;2;-;-;-;8;-;5;1;-;-;-;1;-;1;4;-;-;-;-;-;-;2;-;-;1;3;1;-;-;2;1;-;1;1;3;-;6;-;-;-;-;1;-;2;1;2;-;6;94
"30/03";3;1;1;2;1;-;2;-;-;-;2;2;5;2;4;5;2;3;5;-;2;4;5;2;1;2;4;2;2;-;-;2;3;9;5;5;10;-;1;-;3;9;1;7;4;3;2;1;1;-;2;-;8;3;11;-;-;1;-;-;4;4;6;3;1;-;3;1;5;6;4;4;1;2;1;2;4;4;5;-;3;1;1;6;7;2;-;-;1;5;1;8;1;2;4;1;258
"31/03";1;2;-;1;2;-;8;1;-;-;1;3;5;-;2;3;2;2;8;4;2;4;3;1;5;1;3;1;4;2;2;-;2;1;4;3;6;2;-;-;4;3;1;4;3;5;1;1;2;-;5;-;5;-;26;-;-;4;4;2;5;2;3;2;1;3;-;2;8;1;5;-;-;5;3;1;1;7;3;1;1;4;2;-;13;-;-;1;-;1;1;4;1;-;-;6;248
"01/04";6;2;1;-;3;-;19;-;2;-;2;1;5;3;8;4;7;3;11;-;1;12;4;-;6;1;2;1;2;11;1;1;6;2;4;7;4;4;1;-;2;17;3;11;10;2;2;3;-;3;4;-;7;3;22;9;-;2;2;5;1;4;3;-;2;3;-;1;10;1;1;8;2;3;7;3;2;8;4;1;-;1;6;3;16;2;3;1;2;-;2;9;3;2;6;4;378
"02/04";-;-;-;1;1;1;5;2;-;1;4;-;6;-;3;-;4;3;9;1;1;6;2;4;5;2;2;1;3;7;1;4;3;3;4;4;4;1;1;2;4;11;-;5;4;5;2;-;2;3;2;-;6;-;14;1;-;2;4;6;6;-;4;3;2;4;-;2;5;1;5;3;3;3;4;2;1;7;7;-;-;3;3;1;5;-;3;-;1;-;3;8;5;2;2;3;273
"03/04";2;-;-;4;6;2;4;-;-;1;8;-;1;-;6;2;8;8;8;2;1;9;1;6;5;2;8;1;3;5;5;8;5;3;8;10;6;8;-;-;7;15;3;7;5;4;1;6;4;2;6;-;4;1;13;1;-;2;2;7;4;2;2;3;2;1;-;5;10;2;3;4;-;5;7;4;2;8;3;-;1;4;2;2;2;8;3;1;6;1;2;11;-;6;2;4;368
"04/04";-;2;2;1;1;2;3;1;1;1;3;1;2;-;2;1;4;4;7;1;-;3;1;1;2;2;-;1;2;4;3;5;5;5;4;4;2;3;-;1;4;3;2;3;2;1;2;5;4;2;3;-;8;1;8;1;2;3;4;4;-;-;1;-;2;1;1;-;6;-;3;1;3;1;2;-;3;6;5;1;-;-;1;1;4;2;3;1;1;1;2;9;2;1;-;1;214
"05/04";2;2;-;2;2;-;2;-;-;2;-;-;3;1;-;-;2;3;4;-;-;3;1;2;1;2;1;1;1;4;1;2;1;1;3;-;2;-;-;-;1;4;4;4;4;4;2;3;1;1;1;-;1;-;20;-;-;3;-;3;1;1;-;-;1;1;1;1;-;1;-;1;-;1;2;2;1;1;2;-;-;2;1;-;-;2;-;2;-;-;-;5;1;2;2;1;142
"06/04";3;2;4;6;4;-;9;2;2;-;4;1;4;6;1;4;7;3;15;5;1;7;3;1;14;3;7;3;6;11;6;9;5;3;6;13;9;7;1;2;6;22;4;9;11;7;6;2;2;4;4;-;6;4;11;5;2;2;1;6;4;4;6;4;2;1;-;3;12;3;11;4;3;10;8;9;9;20;8;1;1;6;9;4;4;5;2;1;4;4;-;10;6;3;10;3;507
"07/04";5;5;2;1;4;1;13;1;1;1;9;1;5;3;2;2;11;5;16;6;5;11;5;5;12;8;1;3;6;7;7;9;2;8;16;12;11;7;-;1;4;15;5;11;14;7;11;5;8;4;8;-;9;4;9;8;2;7;6;5;3;2;7;4;2;2;3;4;7;4;4;3;1;7;7;1;6;11;11;1;1;2;7;5;9;8;4;1;3;3;4;11;3;1;5;2;531
"08/04";3;3;1;4;6;-;7;3;1;1;6;-;4;-;4;3;15;5;22;3;3;5;8;4;12;9;3;4;1;8;4;7;5;7;15;13;5;7;1;1;4;18;4;10;10;8;10;3;6;4;8;-;4;4;17;3;-;4;3;8;8;2;9;5;4;1;5;7;8;3;10;7;1;7;8;5;2;10;7;-;1;3;5;5;13;7;3;1;1;-;4;13;7;11;5;6;535
"09/04";3;-;2;3;2;-;16;1;-;1;6;-;2;-;5;5;8;5;16;3;1;4;8;5;11;-;4;1;2;5;4;1;8;3;9;17;10;7;2;3;5;11;3;6;5;7;4;4;1;3;2;-;3;4;8;5;1;3;1;9;6;1;1;3;9;3;2;5;7;5;3;3;2;4;8;3;4;10;4;1;1;5;5;5;9;4;1;-;4;1;3;11;5;4;6;4;420
"10/04";1;3;1;3;3;1;1;1;-;1;4;2;3;1;2;2;6;1;9;1;2;1;3;1;5;3;2;3;-;3;4;-;1;9;5;1;5;4;-;4;1;4;1;4;2;1;1;1;2;2;4;-;6;2;6;-;1;-;1;7;2;1;1;-;2;2;3;1;4;3;3;-;-;1;6;-;-;4;3;-;-;-;4;1;7;4;1;1;4;3;3;7;3;4;6;1;233
"11/04";1;1;1;5;2;-;3;-;-;1;1;1;1;-;-;1;1;3;4;4;-;4;-;5;2;1;2;1;-;7;3;2;2;7;3;6;2;3;-;1;2;1;-;5;6;2;2;3;1;1;4;-;3;1;19;1;1;2;2;6;1;1;1;-;1;-;-;1;6;1;3;3;3;6;3;2;3;9;-;-;-;2;3;-;5;3;-;-;1;-;2;5;2;5;1;2;218
"12/04";-;-;-;-;2;-;1;-;-;-;2;-;3;-;-;-;4;2;5;1;1;1;-;1;3;-;1;-;1;3;-;6;2;1;4;1;-;2;-;-;1;2;-;-;4;-;1;-;3;1;2;-;-;1;-;1;-;-;1;3;-;2;1;-;2;1;1;2;2;-;2;-;-;1;2;2;-;4;1;-;-;1;4;-;-;2;-;-;-;-;-;2;1;1;2;1;104
"13/04";3;2;2;6;8;3;14;2;-;2;12;1;10;-;-;6;9;11;17;2;-;15;6;7;19;2;2;2;4;12;7;10;6;6;12;17;11;6;5;1;8;28;7;11;13;11;9;4;1;4;7;-;7;5;9;7;1;4;2;10;5;4;5;4;4;4;4;9;14;8;4;5;4;5;8;1;9;15;11;2;1;2;9;-;9;8;3;-;4;2;1;10;5;8;7;1;603
"14/04";3;2;2;4;4;1;11;5;-;-;14;2;11;1;3;2;16;9;11;3;4;12;11;9;7;5;1;4;6;16;4;10;7;17;25;17;14;2;3;-;8;32;7;6;13;7;6;4;4;8;5;-;9;7;9;5;1;5;4;13;2;3;8;5;5;2;4;2;7;1;2;3;3;5;6;6;9;23;10;2;2;8;7;2;8;5;4;-;3;-;4;10;6;5;4;4;611
"15/04";4;1;1;3;9;1;12;7;1;7;8;3;15;3;6;4;11;9;20;4;3;12;5;7;8;2;3;2;7;24;3;5;4;6;4;27;10;8;-;2;2;22;8;5;13;9;3;-;3;4;4;-;5;4;2;6;3;5;5;5;5;1;6;7;6;2;-;3;12;3;6;4;3;5;12;2;10;17;7;-;1;7;11;3;9;6;5;-;3;8;8;8;6;2;5;8;580
"16/04";4;-;2;4;7;1;14;2;2;-;16;3;9;2;3;-;17;4;14;3;3;19;10;3;15;2;5;6;6;14;9;7;3;3;9;19;14;7;1;1;10;13;4;11;16;5;6;-;5;2;5;-;5;4;11;6;2;7;4;1;5;5;6;3;4;5;7;4;13;3;3;4;3;7;7;4;8;16;8;3;1;6;10;2;10;9;4;2;8;-;6;7;1;4;4;8;580
"17/04";6;2;1;2;4;-;2;6;1;1;17;3;5;4;2;8;9;3;21;3;2;11;7;6;10;6;5;6;5;8;8;6;4;10;13;13;5;3;1;2;8;22;3;6;9;9;5;1;8;6;4;-;6;3;13;6;1;4;7;3;22;-;6;4;5;2;4;4;12;2;4;6;3;5;9;3;5;18;6;3;1;7;12;4;10;11;6;1;4;1;6;11;7;4;6;10;579
"18/04";-;2;2;2;2;-;3;-;1;-;8;-;6;1;1;2;6;3;6;3;1;8;2;3;8;4;-;1;5;4;1;4;1;5;7;4;7;4;2;2;3;17;5;4;7;2;4;2;1;2;3;-;1;1;6;4;-;3;1;2;-;5;9;2;4;1;1;3;6;2;-;4;-;1;5;3;1;10;3;2;1;3;3;-;2;4;-;-;2;3;3;5;3;3;4;1;288
"19/04";-;-;-;-;3;-;-;1;-;-;1;-;5;-;1;1;7;2;4;1;1;2;1;2;3;1;-;-;3;7;2;1;-;1;3;2;2;2;-;-;-;16;3;-;6;-;-;-;2;-;1;-;1;1;-;1;-;-;5;2;-;2;-;2;-;2;2;-;5;-;1;-;2;4;3;1;3;6;1;1;-;1;1;-;5;-;-;-;2;1;-;6;-;-;1;2;151
"20/04";5;3;2;6;4;1;10;2;1;2;9;4;10;1;6;4;16;4;21;5;2;15;8;7;5;6;4;8;4;12;1;9;9;5;5;16;15;8;2;2;5;31;4;6;24;6;9;2;3;1;5;1;12;8;10;8;-;5;7;3;12;3;3;3;2;9;4;5;4;4;5;3;2;7;10;3;7;9;7;5;3;7;11;5;21;5;2;-;4;2;5;7;10;4;4;6;612
"21/04";3;-;1;4;3;-;3;1;1;-;3;-;3;2;-;2;7;4;14;1;4;4;10;7;2;2;-;1;2;11;2;-;4;2;6;10;7;5;-;-;5;20;3;3;11;3;-;1;4;-;4;-;1;2;2;4;-;2;2;1;3;-;3;3;2;2;1;2;7;1;1;1;-;4;2;3;4;5;7;3;1;1;2;1;7;3;2;-;1;-;6;3;1;1;2;6;290
"22/04";3;-;3;7;4;-;8;4;-;1;15;-;9;2;1;5;17;9;31;-;2;10;7;2;10;6;6;3;3;9;6;4;2;3;14;18;10;8;-;1;8;21;5;3;15;3;7;1;2;2;3;-;4;2;2;4;1;5;8;6;4;3;1;3;1;4;1;7;7;1;1;3;-;3;6;2;7;21;3;2;-;5;3;2;18;8;4;1;5;1;2;1;7;3;2;6;493
"23/04";5;1;-;5;3;2;7;2;-;3;10;3;4;1;2;3;14;9;17;1;3;10;12;5;12;-;6;2;10;13;5;5;1;3;11;6;13;5;2;2;3;17;9;6;16;10;11;3;-;5;5;1;6;3;5;11;1;1;5;12;7;3;5;10;3;10;3;3;16;2;6;3;2;3;9;4;7;13;7;2;1;3;10;5;18;6;4;3;4;2;-;8;7;4;3;7;551
"24/04";13;2;1;11;7;4;18;11;1;1;19;3;5;2;6;9;34;17;27;7;3;22;17;7;22;7;9;11;9;19;7;9;7;15;20;16;27;21;3;4;7;33;13;13;23;20;17;4;6;7;8;1;14;10;21;11;2;11;10;12;11;6;4;8;10;6;5;13;30;10;8;10;7;10;13;6;9;18;17;1;1;9;11;11;24;10;10;2;13;6;5;21;10;9;9;13;1062
"25/04";1;4;1;4;6;3;3;4;-;-;5;1;3;1;2;3;9;3;17;3;1;7;15;4;6;2;1;3;9;22;5;6;6;3;6;11;7;1;-;6;3;27;2;4;18;6;7;2;8;3;2;-;4;3;5;8;-;1;9;-;7;4;2;2;3;2;3;3;12;3;5;3;1;7;4;2;5;12;22;-;1;4;5;2;7;6;2;4;3;1;4;4;5;5;3;5;469
"26/04";2;-;1;3;1;1;3;-;1;-;5;-;4;2;-;1;6;3;11;1;1;9;2;5;1;-;1;2;1;11;2;2;2;3;9;7;8;2;-;-;1;19;4;1;14;3;7;-;2;1;2;-;4;1;2;3;-;2;3;-;1;5;1;2;4;3;2;1;7;4;3;1;1;2;2;2;2;10;2;1;1;3;4;3;2;3;2;-;6;-;4;4;1;1;4;3;279
"27/04";12;2;4;9;12;3;8;1;-;3;15;3;17;4;4;16;31;16;67;10;3;15;12;12;26;10;3;4;7;26;9;9;16;12;21;7;21;10;1;7;14;37;9;14;43;20;11;8;7;4;5;-;8;7;25;7;2;12;14;9;5;4;14;10;4;4;10;6;26;9;2;6;5;12;17;10;6;21;12;6;2;5;12;6;30;9;7;3;12;6;6;16;6;5;11;14;1063
"28/04";3;10;6;5;9;7;8;4;1;3;13;1;18;3;17;10;25;8;36;5;1;25;13;14;18;14;9;5;11;28;11;11;12;43;19;17;21;14;1;3;9;49;9;34;42;13;11;7;11;7;6;-;24;9;21;13;1;13;15;10;25;10;22;9;4;8;4;6;18;8;11;14;4;14;16;7;5;25;12;1;4;21;19;3;40;14;10;3;9;7;3;31;8;7;11;11;1210
"29/04";6;11;2;7;9;2;8;6;3;2;10;6;16;3;7;12;27;6;49;5;5;14;14;4;12;11;8;8;8;24;5;6;13;25;12;13;21;13;1;5;13;54;8;23;37;11;14;14;6;4;6;2;26;6;28;11;1;10;15;8;12;3;18;11;7;8;5;16;17;15;9;14;6;14;16;7;15;7;20;3;3;5;19;4;20;11;4;2;7;6;6;23;8;5;7;15;1084
"30/04";4;2;3;4;3;4;9;7;1;2;17;4;12;2;6;11;16;6;33;5;2;26;21;15;8;4;11;5;10;34;5;11;5;14;27;19;15;12;1;4;11;38;11;8;22;3;15;9;9;2;5;1;13;5;10;11;-;6;14;8;9;4;10;9;5;6;7;8;24;8;5;9;3;7;13;4;15;22;9;1;3;7;21;7;14;15;6;1;12;2;8;18;9;8;2;7;919
"01/05";4;-;1;3;3;2;4;2;1;2;11;1;10;1;8;7;11;3;17;5;-;12;15;6;5;4;4;7;6;21;4;5;6;6;11;8;8;2;1;2;7;49;2;7;19;4;6;5;3;7;3;-;5;-;13;3;-;3;7;9;8;4;8;2;3;6;-;7;6;12;3;6;2;2;5;3;5;10;5;2;1;4;1;2;20;3;1;1;4;3;4;9;5;1;7;7;553
"02/05";1;6;-;1;4;-;6;3;2;2;5;3;7;1;5;1;8;6;16;1;4;9;4;6;3;6;4;4;7;19;1;4;3;18;5;15;11;2;-;-;1;33;2;16;24;6;5;5;3;-;2;-;11;6;17;2;-;4;7;5;9;1;8;3;1;2;1;8;9;5;3;5;5;3;5;3;3;8;11;-;4;4;8;2;8;3;5;-;2;5;2;19;-;2;2;5;516
"03/05";3;1;-;-;3;-;-;1;-;2;13;2;2;1;1;3;8;4;20;3;-;7;5;2;5;-;1;2;6;15;2;5;1;-;6;8;5;4;-;-;3;37;2;-;15;1;3;3;-;1;4;-;5;2;-;8;-;3;4;1;2;2;-;2;2;3;-;3;7;-;1;3;1;2;4;-;5;8;3;1;1;2;2;2;10;-;2;3;2;1;1;3;2;-;3;2;318
"04/05";10;7;8;7;11;5;14;3;5;1;20;3;16;9;15;21;37;9;43;7;6;29;17;16;22;10;9;6;12;47;8;14;18;13;17;19;27;13;2;2;15;53;10;11;29;15;17;3;11;9;3;-;8;6;19;20;3;8;19;9;10;9;11;10;6;5;6;14;29;4;6;19;5;19;13;10;13;25;18;3;2;10;19;7;23;8;9;1;17;9;12;20;9;10;13;15;1245
"05/05";4;6;1;7;5;4;10;7;1;2;13;4;11;6;9;12;29;21;42;7;5;31;18;13;11;8;8;11;6;53;9;13;11;27;18;22;31;12;2;3;16;42;13;18;37;10;17;8;9;9;3;1;5;8;10;19;4;10;20;6;7;7;17;24;5;13;4;13;19;10;9;20;5;8;9;5;12;22;14;2;3;13;14;3;30;14;8;5;8;4;5;19;8;5;8;9;1159
"06/05";7;10;4;7;17;5;10;5;-;3;18;2;13;8;8;15;28;13;36;3;2;27;19;15;18;8;7;9;9;30;8;10;16;17;25;26;22;7;-;9;19;63;7;15;38;9;8;4;7;6;4;1;13;9;17;19;5;4;22;4;12;12;9;20;5;4;7;6;25;5;10;14;6;9;26;9;15;22;8;5;4;15;18;12;30;17;10;4;11;5;6;26;12;17;13;16;1215
"07/05";7;6;3;9;11;3;11;2;3;3;15;3;15;8;6;8;33;8;37;9;3;28;13;5;18;4;11;7;9;30;8;8;5;13;19;13;27;14;5;2;11;56;12;10;57;13;17;5;13;4;4;-;15;8;19;13;2;11;18;6;7;4;7;18;5;6;8;9;23;4;8;18;4;5;12;5;7;28;10;8;6;8;16;5;18;8;11;1;8;2;13;21;8;4;5;8;1074
"08/05";6;3;2;3;15;3;9;4;-;3;16;2;9;3;6;11;12;8;43;6;7;27;12;8;20;6;11;9;8;30;14;2;4;13;12;24;23;8;1;-;7;58;8;11;37;5;13;5;8;6;3;-;10;7;15;19;1;8;18;9;7;6;6;10;5;8;-;2;20;8;3;14;6;7;13;7;17;25;12;2;5;15;16;7;29;11;7;2;7;6;5;11;13;15;13;10;1001
"09/05";2;2;4;5;3;1;5;4;-;4;7;-;4;2;7;11;15;8;15;5;4;18;5;8;11;8;2;5;2;23;2;6;3;6;6;13;5;4;-;3;3;24;-;7;14;4;6;-;5;1;4;1;7;2;13;6;4;2;12;7;2;1;3;10;2;2;1;5;14;6;5;4;1;5;4;3;3;17;3;-;3;2;9;2;21;2;3;-;8;-;4;11;3;6;4;5;534
"10/05";1;-;3;3;5;1;-;1;-;-;7;-;1;-;-;4;6;3;18;2;1;4;6;1;3;-;3;3;7;20;1;4;2;1;8;4;5;-;1;1;3;19;2;2;16;3;3;2;2;1;4;-;3;2;4;5;-;1;7;2;1;3;1;1;4;3;1;3;2;1;1;1;1;3;8;1;4;11;4;-;4;-;4;-;6;4;1;-;2;-;5;-;1;1;2;3;298
"11/05";6;5;2;6;9;2;-;4;-;1;10;-;12;4;3;5;17;8;36;1;2;18;20;6;18;3;7;7;6;33;7;7;8;16;21;11;19;11;2;2;8;27;9;9;21;7;5;4;2;8;3;1;9;7;12;13;1;5;14;5;6;2;1;7;11;8;2;12;17;4;4;4;1;2;12;8;11;14;6;2;3;8;13;5;25;7;5;3;16;3;8;17;4;9;9;6;800
"12/05";7;3;3;9;10;3;13;4;1;2;26;3;11;3;13;6;30;15;48;9;5;45;28;16;36;6;16;10;13;57;22;16;16;19;27;27;44;19;6;7;13;45;13;23;42;16;21;5;10;9;12;-;34;11;17;24;-;12;29;7;18;12;11;21;11;9;7;15;30;15;12;18;8;16;19;9;14;36;20;4;2;18;22;10;46;25;9;3;14;5;22;24;11;6;21;22;1562
"13/05";5;8;5;6;10;5;8;10;2;3;34;10;18;1;4;14;41;14;59;7;11;47;22;26;31;2;14;9;25;51;13;11;11;13;45;32;27;17;2;5;14;50;18;18;40;20;26;9;9;7;7;1;16;12;24;17;1;12;13;19;11;12;9;8;8;14;8;27;37;7;10;10;6;10;27;16;29;40;27;2;2;14;31;16;45;27;12;5;16;4;7;24;12;4;14;14;1576
"14/05";12;13;6;18;18;4;8;4;8;2;29;13;20;9;11;10;47;16;45;9;9;42;27;17;30;22;13;19;20;51;11;26;10;55;42;35;44;9;6;9;13;61;19;32;31;19;25;5;4;12;6;1;26;22;29;20;11;8;33;22;25;7;22;14;6;25;6;23;28;14;12;13;9;17;26;14;11;40;17;2;5;15;22;12;76;12;7;6;26;13;4;37;6;16;16;25;1827
"15/05";10;7;7;12;16;5;14;1;1;3;43;3;19;2;5;12;29;15;54;12;7;35;32;18;27;18;17;17;21;36;20;19;15;11;28;37;35;8;4;9;13;53;20;13;35;24;22;8;8;12;11;1;16;10;22;17;2;14;13;14;10;10;7;17;13;28;5;21;21;6;6;13;6;7;18;17;32;37;14;2;3;7;33;8;28;22;7;3;22;4;8;22;16;18;15;25;1543
"16/05";4;5;4;18;11;-;6;3;3;-;9;4;11;-;2;11;19;7;9;9;1;19;19;8;10;3;9;6;12;35;8;9;6;5;21;16;7;5;2;7;7;29;10;12;21;9;6;4;2;6;1;1;5;6;7;15;-;2;14;8;4;3;6;6;7;10;6;4;10;3;7;12;2;4;10;8;14;12;6;-;-;9;13;3;22;10;3;5;10;7;8;7;4;3;3;8;757
"17/05";1;-;2;2;3;-;-;1;-;-;5;-;4;-;1;1;13;2;20;2;-;9;5;9;8;3;4;1;4;16;1;9;4;-;5;4;7;4;-;-;4;14;6;2;13;3;1;2;2;2;3;-;1;1;4;8;1;3;5;7;-;6;2;4;3;7;1;-;3;-;2;2;1;3;7;1;10;13;5;-;1;-;1;3;15;5;1;1;3;-;5;4;1;5;2;3;352
"18/05";6;12;7;11;18;4;12;10;-;4;62;2;20;6;9;21;32;21;47;5;9;59;28;28;44;20;16;25;18;54;34;24;12;25;37;39;52;16;1;6;29;38;16;23;51;19;33;5;7;14;12;1;25;16;27;15;-;8;14;20;17;15;15;18;25;19;6;23;29;13;4;11;11;23;31;11;30;42;15;4;4;9;30;6;64;24;13;10;23;3;19;23;21;19;15;16;1890
"19/05";24;9;8;17;13;5;16;6;4;3;51;23;21;3;7;22;44;21;56;17;8;43;18;29;36;27;22;21;23;82;22;27;16;32;35;39;67;13;5;8;53;74;26;19;52;21;29;19;9;12;13;-;34;13;32;22;3;18;28;17;21;14;13;25;19;18;11;21;31;13;7;19;32;13;32;18;26;74;19;4;9;31;28;5;40;31;16;8;17;3;12;35;9;14;24;28;2177
"20/05";10;2;7;9;23;5;4;10;7;-;32;5;23;3;11;12;42;17;58;13;11;46;35;23;33;31;11;22;14;69;18;19;11;31;38;32;76;13;4;15;32;60;19;12;72;16;25;8;10;17;5;-;19;7;17;38;3;14;22;21;13;18;9;22;15;21;2;25;28;8;7;13;15;10;27;14;25;52;13;1;4;10;25;10;46;21;8;8;28;7;12;15;9;16;19;19;1857
"21/05";7;6;7;11;28;3;14;21;7;10;28;9;14;5;5;10;52;28;88;8;9;59;26;19;26;51;14;22;11;62;16;19;14;29;34;32;56;16;4;15;28;73;15;11;69;14;27;6;6;9;2;-;14;5;10;50;-;13;22;17;7;16;4;26;14;19;8;24;13;12;11;12;38;25;30;15;24;40;15;2;3;10;36;7;42;15;7;9;27;5;16;17;18;10;16;18;1897
"22/05";8;5;14;13;21;7;10;7;5;7;49;9;21;9;11;21;43;42;66;5;7;42;26;17;24;22;14;21;23;72;35;32;15;18;46;54;61;18;3;12;43;95;24;23;73;32;37;15;8;9;8;2;23;5;26;20;5;18;20;19;12;19;7;29;14;7;7;29;25;9;14;17;22;22;34;19;31;54;20;-;6;9;33;4;75;28;12;3;30;8;18;35;16;25;21;28;2182
"23/05";1;4;3;2;15;3;7;3;3;-;10;4;7;1;8;11;22;12;31;9;6;17;21;15;11;8;4;4;14;38;11;15;13;10;19;20;32;6;3;2;19;47;20;16;45;8;6;4;3;3;3;-;14;7;11;7;6;3;14;17;10;9;5;15;7;5;7;11;21;3;5;7;6;8;13;4;17;16;3;3;-;5;11;4;27;12;1;2;14;6;8;27;9;7;6;9;1001
"24/05";5;1;3;5;11;2;1;2;3;1;8;2;8;1;2;3;13;15;30;-;1;9;7;8;5;2;2;7;2;15;8;11;2;6;5;14;10;4;-;4;7;33;5;4;21;7;5;3;1;4;4;1;1;2;-;5;1;6;5;2;2;9;1;5;7;1;1;1;6;-;1;1;2;5;11;3;11;12;4;-;2;3;4;4;9;9;3;1;6;1;5;8;10;11;1;2;517
"25/05";9;7;4;16;24;2;7;16;4;5;47;6;19;5;13;7;60;38;90;9;11;55;39;30;40;14;19;18;21;70;22;39;20;20;32;40;90;19;6;3;45;97;21;12;84;18;24;11;3;5;6;1;18;10;13;23;3;27;33;35;12;20;8;28;8;17;7;23;36;21;3;27;16;28;33;11;31;64;20;3;6;18;39;9;62;39;15;4;29;7;9;22;17;13;11;22;2223
"26/05";8;7;8;11;12;2;28;10;5;4;51;15;26;8;12;14;49;16;75;18;11;56;43;33;26;13;12;14;30;72;35;32;20;13;44;46;47;21;6;3;42;87;27;23;67;26;21;8;11;11;8;-;25;12;12;29;2;23;34;24;12;35;11;35;18;20;16;34;50;22;4;15;23;20;28;25;25;68;17;8;8;17;45;5;48;40;22;5;36;8;11;25;18;17;17;33;2289
"27/05";9;9;18;18;32;6;18;18;3;6;73;14;16;8;14;34;92;40;97;15;16;73;61;38;38;221;24;25;28;77;26;44;32;22;37;63;60;35;4;8;37;92;27;27;87;28;35;21;11;15;10;3;42;24;20;31;6;24;29;44;20;23;10;41;30;31;8;29;55;8;21;29;21;33;32;16;45;62;30;8;5;25;42;9;46;33;15;6;40;11;17;32;43;23;22;27;3033
"28/05";19;6;6;14;17;6;18;12;1;2;46;17;14;6;13;16;91;21;90;11;10;90;40;36;37;72;19;11;21;113;20;47;26;23;34;73;49;24;3;12;51;124;27;20;91;31;37;9;14;16;12;1;30;37;31;47;3;29;37;17;11;21;18;36;14;29;7;31;54;14;16;18;27;29;36;26;38;98;16;4;13;37;34;7;65;43;26;3;31;6;11;31;18;13;33;30;2794
"29/05";18;5;7;21;24;13;15;13;7;10;58;10;14;2;6;25;74;26;96;16;10;65;41;34;49;76;32;22;27;104;24;37;30;43;40;51;44;24;4;15;41;82;34;23;67;24;35;11;8;12;9;1;186;9;27;38;5;15;36;26;10;16;17;33;18;22;8;34;64;12;16;20;16;29;37;19;32;85;22;2;7;24;45;14;49;35;18;4;27;9;11;51;31;18;28;32;2836
"30/05";6;2;6;16;12;3;9;6;4;4;12;7;11;2;4;7;38;19;36;8;6;20;20;20;14;5;9;14;12;28;16;25;5;16;16;30;15;4;-;-;16;63;16;9;44;16;8;3;8;6;9;-;12;10;6;12;-;9;9;14;8;19;6;17;11;13;5;10;23;6;7;9;4;14;17;4;23;34;13;1;2;8;14;1;20;11;5;2;12;1;4;17;9;7;16;9;1139
"31/05";1;1;2;7;6;1;4;1;-;-;10;5;9;4;2;6;22;9;37;1;2;8;15;10;13;1;5;4;4;21;6;17;4;1;11;17;16;7;1;3;9;30;11;6;37;7;6;2;2;4;1;-;2;7;5;9;1;5;8;8;2;7;7;6;9;-;-;6;17;4;4;8;4;8;16;5;8;19;9;1;2;7;9;3;22;4;10;5;3;4;6;10;7;8;9;8;711
"01/06";11;5;9;31;27;5;17;19;2;23;68;9;32;7;16;24;101;32;126;15;12;91;72;57;67;9;44;44;29;141;34;44;29;25;45;83;56;22;13;16;71;117;33;12;124;31;79;8;16;15;20;2;47;20;20;51;7;26;43;29;11;20;8;58;22;26;8;29;59;16;17;14;18;46;48;23;39;129;36;6;8;38;34;13;40;46;35;13;49;3;23;29;22;31;32;32;3364
"02/06";22;13;14;38;23;8;16;16;5;2;54;9;28;6;16;24;69;39;87;24;10;74;50;43;74;11;37;25;53;98;40;37;22;17;36;57;59;18;6;12;49;87;24;12;84;40;43;11;13;14;19;-;20;26;10;46;5;30;30;36;16;15;9;40;25;23;7;33;65;9;9;10;25;37;40;22;42;99;23;8;4;24;51;7;37;39;16;7;42;12;18;37;20;25;44;31;2862
"03/06";20;5;21;29;29;7;9;18;7;6;47;8;37;8;16;12;80;34;118;12;12;62;50;31;51;21;26;36;28;82;31;29;24;20;45;57;40;18;4;12;61;87;25;9;88;32;47;9;6;13;16;4;12;20;17;38;4;39;38;31;9;22;7;48;18;27;5;25;47;13;15;15;12;42;49;30;32;103;21;6;6;19;43;16;31;63;24;4;27;8;20;23;31;23;27;27;2736
"04/06";17;5;12;49;23;7;11;9;7;8;48;9;15;7;12;20;56;32;81;22;10;46;40;44;51;19;20;15;38;96;30;33;22;22;40;44;53;25;8;10;34;113;34;11;84;26;27;10;7;13;20;2;20;22;7;43;5;27;41;14;16;14;5;45;11;26;18;28;63;9;13;11;33;31;31;22;32;101;17;2;2;25;34;11;36;37;33;11;32;9;20;22;29;17;20;26;2568
"05/06";14;3;11;18;22;6;6;7;2;7;50;7;28;3;11;16;56;28;83;17;8;58;37;33;34;123;24;15;30;80;37;30;14;29;47;104;49;14;1;8;38;94;18;14;64;33;32;13;16;8;18;2;27;21;8;35;2;20;35;28;6;12;9;53;12;15;13;22;54;11;16;16;18;42;37;19;28;78;17;4;4;32;42;11;14;35;11;15;29;3;10;21;20;25;21;24;2495
"06/06";5;2;6;17;14;-;1;3;2;3;13;3;7;3;6;7;33;18;25;10;7;29;14;9;20;2;10;7;10;57;17;13;5;2;20;34;12;-;1;3;24;39;18;5;32;8;8;5;1;4;7;-;5;11;3;16;-;2;19;16;3;10;1;14;10;10;-;8;23;1;8;4;9;9;22;6;14;25;10;-;3;8;10;3;13;7;8;5;11;4;5;10;21;9;12;6;995
"07/06";5;-;6;-;18;-;3;-;-;1;12;3;13;2;7;4;13;5;10;3;2;7;15;17;8;-;1;8;8;20;6;6;6;3;15;20;12;5;1;3;7;24;15;3;15;6;6;2;2;2;2;-;-;2;2;12;-;6;7;7;4;10;2;5;6;5;2;3;6;3;3;9;5;6;10;5;-;5;5;2;2;7;12;2;7;17;3;3;13;-;5;6;8;10;6;2;587
"08/06";24;9;15;36;23;3;13;15;2;10;66;9;51;5;15;18;112;37;94;27;17;65;63;44;66;24;28;40;24;128;37;53;21;26;87;71;50;16;3;7;49;116;21;11;93;36;65;12;9;19;17;-;22;18;18;54;4;30;50;42;7;30;20;51;19;23;4;34;62;17;16;27;20;53;73;28;56;110;10;7;5;24;41;10;35;55;21;10;37;12;26;25;35;25;33;37;3238
"09/06";17;7;21;40;22;2;15;10;3;13;66;11;35;9;15;18;73;49;94;26;24;58;41;44;56;48;22;26;42;95;30;40;32;30;45;75;54;19;9;8;76;82;36;25;103;40;58;8;14;23;16;1;20;11;10;53;7;15;34;33;15;18;20;39;27;27;9;39;64;15;18;25;21;35;55;20;33;105;28;4;8;36;40;11;36;51;33;13;39;10;20;41;28;21;35;23;3071
"10/06";17;4;14;22;29;3;22;12;5;3;61;4;49;6;11;15;76;42;102;12;18;47;43;48;61;135;21;25;33;112;21;26;25;34;57;54;52;36;11;5;63;103;23;11;86;34;47;13;7;23;22;-;30;9;9;34;7;16;38;30;11;9;6;55;17;23;16;26;59;10;19;19;17;43;38;16;39;100;16;3;7;15;31;12;27;32;14;6;26;8;14;12;37;21;31;23;2836
"11/06";20;2;16;23;17;4;8;15;2;8;72;7;35;4;14;9;78;25;111;17;16;58;56;46;50;121;18;32;33;97;16;32;37;11;51;65;34;32;6;6;48;103;33;12;93;16;36;9;7;23;14;3;17;18;8;64;13;13;41;30;16;30;11;37;18;20;5;31;44;10;15;12;37;47;46;22;35;80;13;-;4;30;41;19;30;37;17;5;31;8;14;28;34;35;20;31;2818
"12/06";15;2;14;22;22;4;18;6;8;7;59;10;31;9;13;9;50;27;82;15;17;69;41;42;31;226;19;18;28;95;23;28;15;19;62;69;41;19;7;16;67;71;20;15;77;24;41;8;10;27;10;-;29;15;10;42;9;23;42;25;12;8;9;44;15;28;7;30;55;11;12;7;16;48;33;21;30;80;24;6;6;19;43;26;35;52;19;14;25;7;20;34;28;29;28;36;2790
"13/06";5;2;15;16;8;2;8;3;1;1;14;8;16;5;5;12;14;28;29;7;5;37;24;17;28;8;11;11;15;41;18;15;4;8;46;19;22;12;5;6;19;67;13;4;50;17;25;5;1;12;6;-;5;5;5;14;4;10;17;10;7;5;5;9;19;7;1;7;22;4;13;8;13;22;24;11;22;37;9;5;3;11;26;8;10;10;15;4;29;5;14;11;17;13;13;14;1293
"14/06";2;4;6;4;6;-;4;3;1;1;8;2;13;4;2;2;11;6;24;1;1;9;18;10;9;4;2;5;3;25;9;10;6;2;20;15;6;4;1;5;6;31;3;3;31;9;8;13;3;3;3;-;2;5;3;10;-;5;6;7;4;3;5;8;3;2;3;3;18;5;4;3;7;3;20;2;7;21;7;1;-;3;3;2;1;15;3;4;3;-;12;4;5;9;7;7;626
"15/06";18;7;12;32;27;3;9;12;8;5;74;12;38;8;17;15;66;53;90;25;17;73;70;43;60;71;31;28;40;114;31;43;26;20;54;61;38;19;6;12;55;112;42;10;99;29;43;19;6;22;20;3;28;24;16;47;8;20;38;32;24;21;20;59;25;25;9;34;60;14;24;10;28;43;58;33;44;103;26;1;11;29;54;23;40;47;20;17;34;11;24;17;28;34;25;39;3175
"16/06";32;6;26;37;45;5;37;9;10;19;61;14;37;15;18;32;87;50;92;23;15;76;56;69;53;11;43;32;31;104;41;47;22;21;70;116;49;28;10;10;57;99;49;16;95;55;61;25;18;26;28;3;18;25;20;35;8;31;34;31;14;19;20;68;41;31;18;36;76;18;24;18;40;48;64;31;31;110;22;5;6;38;59;25;36;45;25;13;45;10;27;29;39;32;38;42;3536
"17/06";16;5;22;33;29;6;15;14;5;10;45;9;21;5;13;18;41;28;81;20;8;51;43;42;45;10;18;23;30;88;19;39;18;12;69;58;27;16;8;4;42;91;36;20;55;34;33;11;4;14;17;-;15;17;6;33;6;19;29;32;19;21;6;44;19;18;7;28;53;15;21;17;20;46;39;23;47;109;17;2;4;21;55;14;31;33;13;10;33;7;7;19;31;23;23;19;2492
"18/06";10;1;13;29;31;3;8;15;6;9;57;9;11;6;10;21;59;22;69;9;15;52;34;24;56;5;16;31;38;71;25;43;18;19;67;45;25;34;3;13;36;72;24;11;83;32;46;17;13;16;12;-;6;12;6;26;5;12;33;19;17;17;8;39;18;23;10;16;69;6;17;9;19;37;48;20;39;96;10;-;4;33;29;8;30;29;23;10;43;9;22;18;23;21;41;16;2390
"19/06";18;14;15;19;33;3;18;9;4;5;64;5;22;4;10;17;66;21;57;14;19;95;33;36;50;11;18;17;34;90;23;22;25;16;52;60;42;34;2;11;41;75;30;16;61;39;50;24;3;26;14;6;9;10;18;31;3;17;28;33;10;12;13;45;20;31;13;34;46;11;24;19;18;44;47;31;33;90;12;7;5;24;41;12;28;34;23;4;22;11;13;25;23;14;20;30;2531
"20/06";11;3;7;18;11;4;11;5;2;4;23;4;13;4;11;17;38;23;41;8;10;22;15;20;18;9;13;13;8;41;11;26;13;17;36;26;20;7;3;6;35;29;25;24;44;19;15;7;6;10;12;-;14;15;11;12;5;17;11;20;13;2;12;14;13;10;6;7;24;9;14;6;11;14;30;14;19;49;23;1;5;27;16;7;25;21;12;4;20;1;15;18;9;16;18;11;1439
"21/06";4;1;9;5;9;2;4;4;2;-;17;2;11;2;2;3;12;11;25;-;2;7;12;7;10;4;4;15;7;21;10;9;5;7;25;14;20;3;-;-;10;34;15;7;27;8;9;-;2;2;5;-;4;20;3;6;1;3;9;6;9;10;7;9;5;12;2;8;12;2;5;8;2;4;12;16;6;19;2;-;1;7;4;1;7;11;3;7;9;1;8;7;7;8;9;3;721
"22/06";19;6;23;34;41;5;11;11;8;8;74;13;34;6;10;28;92;44;130;18;25;65;65;51;49;9;22;43;29;115;40;57;30;23;77;76;57;34;7;11;69;96;35;28;114;48;56;20;17;20;15;1;18;19;19;36;8;24;43;44;31;27;16;54;25;34;9;20;62;12;19;21;25;66;68;27;38;115;20;4;7;22;55;19;48;61;36;10;47;10;20;32;29;49;36;24;3428
"23/06";24;6;11;25;32;3;15;12;9;7;76;12;38;9;27;22;74;36;92;12;19;64;49;28;60;18;23;34;52;102;36;62;32;24;74;60;36;27;6;12;52;84;38;21;81;52;50;10;8;17;23;4;27;20;11;36;1;22;32;24;17;19;20;47;15;28;20;22;71;22;24;16;19;51;62;19;34;143;22;3;5;29;36;15;41;42;25;12;35;13;15;47;25;32;30;22;3071
"24/06";10;6;19;24;32;7;8;11;10;6;67;8;25;3;9;18;60;31;65;33;22;47;56;43;50;4;21;25;26;117;31;49;31;16;57;72;33;22;4;3;53;70;30;13;76;46;41;23;8;18;19;-;12;22;13;31;2;16;36;34;17;11;10;43;24;28;2;21;61;12;18;17;25;40;56;24;41;94;25;4;5;26;28;15;26;43;28;14;38;10;15;26;19;37;27;25;2699
"25/06";21;7;21;21;28;9;14;20;4;7;79;12;24;6;17;21;69;42;74;26;21;80;53;39;49;9;25;28;44;87;37;44;23;20;62;75;50;18;9;13;43;56;26;14;84;43;55;14;7;22;13;1;16;27;11;39;1;25;36;27;17;27;23;44;26;25;22;17;73;8;24;14;19;39;53;19;32;106;18;4;8;23;39;16;30;54;23;14;39;6;22;20;23;29;22;21;2867
"26/06";9;4;14;17;31;5;8;11;4;12;65;9;26;9;13;14;68;27;81;13;16;59;38;37;44;5;15;29;30;100;31;35;21;28;55;62;35;27;4;12;44;59;40;13;77;50;39;16;10;25;13;-;12;23;9;24;6;23;35;22;12;18;6;29;16;18;4;14;58;15;20;16;22;34;46;33;41;81;23;4;10;17;35;16;31;35;18;12;37;3;16;15;29;28;32;23;2530
"27/06";6;2;5;9;17;4;9;8;10;5;19;13;19;2;14;6;32;17;26;5;11;18;26;16;13;6;11;21;10;47;12;17;7;9;27;43;23;3;1;10;14;34;15;11;36;20;21;16;6;6;9;-;1;22;5;8;2;9;12;25;5;15;6;12;7;10;10;51;18;5;12;10;12;18;28;13;24;39;12;3;6;9;15;5;10;12;6;3;15;2;5;12;16;12;15;10;1294
"28/06";3;1;3;2;9;1;5;2;4;2;7;3;5;-;4;4;9;10;14;4;4;10;8;12;11;-;7;9;7;33;5;7;6;4;27;13;4;3;1;2;13;22;9;4;21;7;5;3;1;4;12;-;2;8;-;6;-;3;7;10;5;2;3;11;4;2;4;8;15;6;5;6;3;4;14;7;9;15;2;3;1;2;13;7;12;19;4;7;8;-;3;4;9;5;6;4;634
"29/06";13;4;6;26;32;9;18;20;18;3;64;10;36;8;14;20;78;38;86;17;25;69;49;45;50;9;29;35;55;117;44;41;25;33;63;78;59;23;5;11;45;83;49;10;89;55;53;17;17;18;28;1;17;22;14;31;4;17;36;36;13;27;5;52;18;25;12;33;66;14;25;25;16;80;53;25;36;115;15;2;8;23;46;24;36;52;27;6;47;12;13;23;33;29;24;24;3111
"30/06";22;5;11;19;31;2;6;10;8;10;74;8;19;7;5;19;54;39;65;10;25;51;41;43;45;24;16;37;37;65;26;41;15;21;51;61;37;29;2;11;49;67;36;15;104;39;43;11;6;12;14;2;14;11;9;28;1;24;23;14;15;11;8;40;24;23;7;24;58;8;17;13;25;36;58;22;43;93;21;6;8;20;46;12;27;58;32;10;47;10;28;21;29;24;24;14;2586
"01_07";17;5;10;30;29;4;8;7;12;12;60;4;28;9;11;30;42;31;64;22;10;49;52;30;25;9;13;36;33;79;37;42;15;21;63;74;40;26;3;10;41;72;25;15;94;29;38;13;8;20;21;3;10;21;10;38;1;11;32;20;10;22;7;29;16;14;4;19;50;12;13;12;10;45;45;20;41;80;18;4;2;20;34;16;20;40;17;7;42;6;10;20;27;22;22;18;2418
"02_07";14;7;18;27;20;2;20;4;6;7;54;5;28;8;9;28;68;35;66;24;21;54;63;50;63;6;23;31;39;105;21;37;24;15;54;70;52;20;7;6;47;72;43;17;82;35;41;15;1;23;21;1;6;6;8;34;4;13;31;39;19;21;12;32;18;19;4;17;33;13;18;17;17;25;31;15;50;85;10;2;10;37;34;20;25;53;17;15;42;4;27;24;36;22;25;10;2609
"03_07";8;2;10;25;27;4;35;11;3;11;76;6;34;9;8;16;43;33;66;17;10;54;34;28;41;6;14;24;33;57;24;32;19;10;52;62;43;15;4;10;42;49;29;10;56;22;21;17;15;27;11;-;11;10;8;29;3;20;34;27;12;15;8;45;23;20;7;10;40;14;16;10;14;29;42;30;27;72;14;2;5;35;33;12;17;37;16;6;30;13;17;21;34;19;23;15;2240
"04_07";6;1;5;11;15;-;6;11;6;4;14;6;15;4;5;12;22;19;42;5;2;27;12;18;19;7;9;13;13;48;10;20;7;8;29;35;9;11;2;4;24;41;26;7;43;12;18;5;3;4;7;-;5;8;4;14;1;5;13;14;3;9;6;14;15;13;3;11;15;5;6;5;6;11;13;10;23;43;7;-;2;9;23;4;5;18;9;9;16;3;11;11;20;5;9;7;1145
"05_07";3;5;2;5;6;-;4;5;4;-;6;4;11;-;6;6;11;8;31;4;2;9;9;16;13;-;4;13;11;30;10;10;5;3;29;29;12;5;-;1;9;20;11;8;19;5;16;6;2;5;6;-;2;7;2;9;-;6;13;10;1;14;4;10;8;3;6;5;15;2;6;3;6;3;18;8;6;17;3;5;1;6;10;4;8;8;4;1;12;3;5;9;9;32;17;2;762
"06_07";14;5;19;31;35;2;43;18;4;6;76;15;33;7;13;26;67;57;104;20;18;61;54;51;44;9;18;68;45;120;40;37;27;19;72;77;37;14;4;9;61;91;36;10;120;54;50;14;12;10;10;1;19;26;13;28;8;31;42;32;21;18;9;45;32;22;6;24;58;11;19;18;19;64;69;24;48;132;26;5;11;23;50;16;25;63;30;8;41;4;19;22;50;24;26;22;3191
"07_07";28;2;22;38;33;8;5;15;3;9;81;5;36;5;21;22;53;33;84;21;9;70;36;40;37;7;25;51;35;89;26;42;13;17;51;63;35;20;5;14;45;69;42;10;59;26;50;23;7;16;16;2;14;16;9;33;6;21;39;22;12;17;16;37;22;24;14;16;52;9;8;13;34;57;75;31;28;98;15;2;10;23;31;11;23;56;21;9;43;7;13;17;31;13;25;20;2667
"08_07";14;8;12;24;28;2;7;12;6;2;67;6;30;7;6;23;53;40;92;16;23;62;66;52;52;7;31;47;35;103;27;38;12;13;73;55;36;12;4;8;54;71;38;10;89;35;47;6;9;19;22;1;14;16;10;29;10;33;45;35;10;25;6;60;26;28;11;25;44;10;26;13;17;46;42;19;33;113;20;4;15;23;34;30;25;54;27;14;40;10;24;18;21;23;19;22;2781
"09_07";20;-;19;14;26;4;10;11;3;7;53;12;23;8;18;20;54;38;77;9;3;46;42;34;47;9;20;42;35;84;27;40;19;9;93;54;48;18;2;8;50;68;37;8;79;32;47;13;7;16;14;3;4;22;3;26;4;27;28;38;13;15;10;44;28;19;1;25;40;10;9;8;15;51;50;28;34;79;20;3;6;13;37;12;38;56;29;6;35;12;16;15;22;23;32;17;2503
"10_07";26;2;13;20;26;2;11;4;7;14;45;9;35;9;21;21;42;26;90;22;24;52;57;33;43;5;19;38;43;105;33;31;18;10;88;60;39;19;5;15;41;71;34;14;77;29;37;16;8;17;22;2;19;18;12;36;4;11;42;28;10;15;9;53;24;23;4;16;36;9;13;15;19;56;43;26;45;89;20;6;7;33;50;14;26;41;24;11;33;7;28;15;33;16;34;20;2643
"11_07";9;-;6;16;16;6;5;4;1;4;32;1;20;1;3;5;22;26;46;5;8;25;19;18;22;2;8;14;18;49;5;19;5;8;42;29;14;13;3;6;26;38;28;7;36;10;19;9;3;6;10;-;4;6;1;14;5;10;29;17;5;16;3;22;8;17;5;8;16;5;6;6;5;13;29;17;24;54;4;2;3;10;15;11;9;19;10;3;28;-;18;13;19;22;15;4;1297
"12_07";3;-;12;5;10;3;4;6;-;2;4;3;4;1;2;5;16;13;31;3;6;10;12;8;22;3;5;14;8;31;3;5;3;8;25;14;10;5;1;5;6;29;13;5;26;10;9;3;-;2;2;1;1;4;1;14;2;4;8;12;2;7;7;7;4;2;1;3;19;-;7;5;6;9;11;17;11;14;4;1;2;4;10;2;3;10;2;6;5;2;9;4;11;17;6;5;712
"13_07";24;8;21;38;36;4;20;10;8;11;74;16;24;6;14;32;88;41;109;25;22;118;76;55;55;6;28;44;46;118;33;63;22;18;88;72;51;18;14;8;61;98;50;11;115;35;86;23;15;26;14;4;15;22;23;52;8;29;43;50;15;11;17;57;37;39;8;19;59;14;15;10;28;56;60;32;45;129;23;8;11;50;50;4;23;55;34;11;43;10;22;22;42;24;25;21;3473
"14_07";20;2;10;18;23;3;34;6;8;9;69;8;21;6;6;16;60;32;72;14;22;53;34;35;42;5;24;38;20;78;23;37;22;15;49;69;41;21;5;10;77;66;33;11;71;42;54;13;6;28;8;-;11;16;7;42;11;20;31;36;12;11;8;44;23;19;6;20;41;10;19;12;12;30;43;27;41;99;24;3;6;28;34;13;18;49;26;10;40;4;19;17;20;21;22;19;2513
"15_07";20;2;10;21;31;3;8;6;5;17;62;9;18;6;14;17;49;25;62;17;11;38;45;36;38;8;28;33;37;66;20;29;21;21;60;48;30;13;8;4;69;64;30;11;66;19;48;13;5;17;16;1;17;11;9;16;5;20;23;23;19;13;2;43;26;18;3;23;49;14;19;12;25;46;38;28;34;94;26;6;2;26;30;15;23;35;28;6;28;7;13;18;20;17;18;16;2319
"16_07";12;5;6;18;11;4;9;7;3;7;37;7;16;1;10;17;50;20;75;19;4;54;36;41;30;12;14;15;29;44;17;36;19;15;41;45;23;8;4;5;30;55;18;9;81;36;41;7;6;23;9;1;10;10;5;30;8;22;24;20;5;15;6;34;30;14;5;15;37;8;7;10;15;38;44;23;21;79;17;3;5;22;14;9;21;33;28;6;71;4;9;15;20;7;18;11;1990
"17_07";17;2;8;17;20;3;13;4;3;8;28;6;15;1;6;13;29;21;56;15;5;48;29;33;30;6;12;30;24;54;18;30;15;11;30;52;27;12;3;10;28;51;22;5;33;38;27;10;8;10;8;2;9;8;4;43;3;21;17;22;12;10;8;30;15;11;4;9;16;6;8;6;9;36;34;25;19;62;5;-;2;18;18;4;16;27;18;7;116;4;12;8;25;14;4;9;1760
"18_07";3;-;4;15;18;-;10;9;-;4;18;4;12;2;7;9;29;28;48;6;6;14;26;21;25;2;6;14;14;32;13;33;9;7;36;30;21;6;2;5;18;34;21;1;30;6;13;1;1;7;2;-;1;6;3;8;2;8;5;19;5;13;6;11;12;9;2;6;16;6;9;1;10;13;13;7;22;49;6;-;2;7;5;7;12;12;18;4;11;3;6;5;9;8;13;6;1078
"19_07";3;-;2;1;14;-;-;1;1;4;8;-;6;1;3;6;9;11;17;3;5;11;8;11;5;3;7;4;4;14;6;4;3;2;15;15;6;3;-;-;4;25;6;1;17;9;16;1;2;5;2;-;1;7;3;2;-;2;7;5;1;2;1;3;1;7;1;5;9;3;3;2;1;5;10;5;3;15;4;-;2;6;6;1;7;13;5;2;8;1;4;2;4;4;4;-;481
"20_07";22;5;13;23;36;2;16;9;3;9;58;4;20;2;12;21;57;36;77;16;10;54;38;31;33;7;17;31;47;63;20;34;12;22;71;63;38;19;5;5;34;56;22;12;55;32;36;1;6;7;13;2;14;7;11;34;4;13;24;34;9;19;6;33;18;20;9;13;43;13;14;9;17;52;53;33;27;89;24;3;3;21;26;9;20;50;26;5;31;7;15;16;16;10;15;13;2265
"21_07";26;8;13;29;42;2;22;6;4;9;95;15;27;10;14;32;94;41;93;22;30;80;74;44;45;14;26;26;42;101;25;46;26;37;70;66;50;22;6;9;125;87;52;26;91;50;54;29;12;18;26;2;30;20;14;56;7;16;28;42;13;14;13;67;28;22;7;28;54;14;27;34;34;58;60;24;41;109;30;12;6;32;49;27;36;37;37;16;28;11;25;27;35;22;29;29;3363
"22_07";15;8;22;19;26;10;11;14;3;11;64;11;29;4;7;18;56;31;76;20;18;80;52;38;33;8;24;25;45;90;25;33;19;39;63;40;33;15;7;12;67;83;43;5;84;18;46;14;9;12;22;-;27;13;13;45;6;22;31;30;13;15;9;53;23;26;8;16;47;9;30;16;25;51;40;19;15;81;24;3;15;20;42;16;29;44;27;6;28;8;42;18;28;11;14;23;2638
"23_07";23;5;21;28;33;3;11;13;6;9;50;11;32;6;15;31;52;25;83;20;8;68;52;37;39;3;12;31;29;94;36;32;14;12;51;66;43;12;8;10;44;67;41;11;91;35;51;14;5;14;10;1;15;8;7;29;4;13;31;27;10;18;11;34;22;25;9;22;50;13;13;13;12;29;48;26;36;76;20;7;5;16;30;14;23;32;18;6;36;11;27;18;28;14;24;23;2471
"24_07";19;8;12;24;28;5;7;6;4;12;60;6;35;9;15;16;60;24;68;30;10;52;35;35;34;13;15;32;35;74;27;34;16;24;51;58;38;17;4;10;38;61;45;19;85;40;47;18;13;15;15;-;23;24;11;28;7;24;34;37;17;29;13;42;16;20;18;25;50;20;14;17;12;44;47;21;33;86;19;10;4;21;25;16;21;59;20;9;31;10;13;26;27;23;20;31;2555
"25_07";9;3;7;15;19;-;6;7;1;6;24;2;17;2;7;12;21;11;30;10;6;29;37;17;16;3;12;10;11;47;15;21;2;3;26;23;15;5;3;6;16;36;18;5;29;23;27;4;5;6;9;1;5;3;1;17;2;10;19;15;5;7;2;14;12;11;3;8;11;2;5;3;4;11;12;17;23;51;8;3;3;15;9;4;4;23;13;2;19;7;9;7;13;9;16;5;1137
"26_07";4;1;6;5;3;-;3;3;4;2;11;1;14;-;3;5;12;9;24;4;6;14;12;15;5;1;5;6;5;31;4;12;7;5;18;13;6;4;3;2;9;24;12;4;15;3;16;3;2;6;3;-;5;1;5;10;-;-;7;8;5;15;3;8;4;-;6;7;12;5;2;5;3;5;12;6;5;12;5;5;-;4;9;4;8;6;3;7;10;1;4;3;11;12;1;1;630
"27_07";22;6;20;33;27;7;11;9;8;8;54;6;40;14;16;19;71;37;86;21;26;51;47;40;47;15;29;31;48;93;32;44;29;19;60;62;41;25;3;9;60;100;55;15;100;33;50;25;9;21;25;3;20;25;16;48;5;20;36;28;26;19;11;43;30;29;7;28;67;9;23;15;17;48;65;24;31;111;25;16;12;29;26;9;17;36;25;13;35;9;23;34;31;12;47;20;2982
"28_07";23;8;12;30;21;3;13;5;4;14;36;13;30;9;15;20;68;26;78;24;9;53;45;40;19;12;27;26;28;79;30;30;21;19;40;54;62;16;12;8;49;86;57;16;60;30;53;16;11;21;16;1;29;15;6;37;4;14;25;26;11;20;11;52;15;20;13;26;41;16;23;21;12;55;52;29;31;83;20;7;10;16;34;12;23;49;29;8;47;6;24;21;29;14;27;21;2582
"29_07";16;6;19;29;24;2;7;13;6;7;54;8;35;5;7;25;44;14;63;12;9;47;36;25;36;6;19;14;40;73;26;37;12;23;54;59;31;17;2;7;57;58;34;17;65;40;38;9;3;19;18;2;22;15;14;29;8;11;31;22;19;19;12;30;25;15;11;22;45;13;16;8;18;26;46;26;42;68;16;6;6;24;27;9;22;31;22;8;30;6;28;15;25;19;26;19;2281
"30_07";7;11;19;32;27;2;12;10;3;7;45;7;23;5;13;17;35;20;70;9;11;52;25;27;34;11;28;23;30;64;16;32;17;20;51;57;44;8;7;12;51;66;27;21;78;37;43;25;9;19;16;1;21;19;6;25;4;18;24;32;25;9;11;24;22;19;19;27;52;16;25;21;19;36;46;20;38;70;10;3;6;30;30;21;16;35;17;7;34;9;13;18;18;19;16;27;2313
"31_07";18;3;12;24;15;4;14;7;3;4;46;7;30;3;6;16;39;16;58;13;10;43;40;34;30;8;24;42;20;60;20;39;20;21;45;42;33;15;4;11;48;44;32;13;58;29;25;9;9;10;27;1;9;8;8;13;6;16;41;16;16;28;8;28;19;22;8;33;49;13;23;8;16;22;40;27;27;59;13;4;3;25;32;14;24;50;14;11;22;9;19;15;17;11;22;19;2091
"01_08";7;4;4;19;17;-;6;7;7;-;20;4;12;4;3;15;13;20;38;16;5;26;21;25;11;4;10;14;16;33;7;27;11;8;30;27;14;6;1;2;22;50;27;9;41;12;28;3;6;1;6;1;3;8;12;9;5;12;12;12;6;7;8;16;6;11;5;15;19;3;13;5;8;12;11;20;15;40;15;1;3;10;15;5;8;14;8;3;15;6;16;3;8;8;15;10;1176
"02_08";4;1;9;6;5;1;3;-;-;5;10;4;8;4;5;7;7;10;15;4;3;12;12;2;16;5;7;9;11;18;2;3;7;2;13;7;9;4;2;1;9;23;20;4;23;2;6;5;1;4;4;-;3;10;-;10;1;4;5;3;5;13;1;5;8;5;-;3;8;4;9;4;3;7;9;7;3;9;5;4;1;3;2;2;9;8;7;2;5;2;8;3;4;5;3;3;569
"03_08";19;5;9;25;28;5;10;11;6;14;48;9;25;8;13;28;67;37;80;18;18;83;61;24;35;14;24;44;34;88;25;44;26;9;60;51;46;16;4;5;54;92;44;12;87;24;38;8;4;22;13;-;19;18;11;33;4;16;30;36;22;11;5;39;23;21;21;22;52;17;21;18;20;38;31;26;42;120;20;8;7;38;45;15;21;50;16;11;21;11;21;20;22;23;23;16;2678
"04_08";21;7;10;28;25;9;17;12;8;7;49;9;41;6;15;19;48;26;68;23;9;82;41;26;32;10;27;28;37;83;29;25;14;24;41;50;50;15;1;8;66;65;30;19;65;22;40;23;15;16;11;1;14;9;6;30;3;16;32;32;22;15;6;51;26;32;7;17;36;14;25;10;19;34;45;24;14;69;21;7;11;28;23;13;28;27;23;5;27;11;25;24;18;12;22;17;2403
"05_08";17;5;6;19;19;3;11;9;6;6;53;7;30;7;12;21;58;21;72;19;16;67;41;18;21;13;17;21;30;89;13;38;27;24;63;35;43;19;8;7;35;73;26;12;75;17;35;14;9;13;12;1;12;11;9;34;7;16;30;22;14;17;7;39;24;19;9;24;41;17;12;15;11;30;26;26;33;74;16;6;9;17;27;12;18;32;28;10;18;9;14;22;21;23;39;21;2254
"06_08";26;7;10;13;21;9;8;10;3;5;49;3;22;4;9;20;46;25;71;15;19;55;28;30;27;7;18;28;33;52;22;39;17;32;56;45;38;15;7;7;33;72;19;26;72;22;32;21;6;19;12;2;12;21;7;28;6;23;23;28;25;42;14;32;14;30;7;24;29;15;12;12;9;20;39;22;18;91;22;6;4;16;22;13;27;38;27;11;35;8;17;22;27;21;38;19;2263
"07_08";19;6;12;16;30;8;12;6;2;5;35;6;27;4;11;20;63;27;66;16;13;62;40;31;23;15;27;27;19;64;18;34;10;16;60;52;32;20;3;4;39;60;39;15;66;27;48;15;3;17;8;2;10;14;12;32;1;16;28;26;11;18;3;36;17;16;8;27;36;16;15;6;25;25;48;21;34;93;18;3;7;21;23;7;54;26;23;6;23;2;11;23;15;13;25;17;2211
"08_08";4;2;6;4;13;1;6;5;3;3;7;6;9;6;7;11;38;12;34;7;5;20;23;10;15;5;12;7;11;39;11;5;7;15;28;24;25;11;2;8;27;45;12;7;33;14;12;5;3;6;10;1;1;6;-;8;1;2;8;14;4;13;6;15;14;5;2;10;17;6;8;7;1;9;20;12;15;46;3;2;1;6;8;14;15;10;9;9;10;4;12;6;15;14;5;6;1041
"09_08";8;1;3;1;8;2;7;3;-;1;15;2;7;-;-;8;10;11;13;5;4;10;6;3;7;7;4;10;11;8;4;2;4;2;20;14;4;3;1;2;12;27;8;4;3;8;13;3;3;2;7;-;6;3;2;-;2;4;3;4;12;15;-;11;3;3;3;5;15;2;6;7;4;2;7;9;7;13;3;-;1;5;8;4;3;8;6;4;6;-;7;4;6;3;2;5;544
"10_08";23;4;11;31;29;7;12;11;7;14;47;9;23;5;20;21;52;23;81;17;11;82;46;44;39;7;15;44;24;93;20;43;20;21;68;66;39;15;7;11;53;85;30;14;90;27;44;14;14;20;12;3;23;16;21;33;5;15;34;40;15;18;17;46;22;30;13;27;43;17;18;16;12;34;57;19;32;106;16;7;6;27;31;14;50;46;36;10;32;16;15;22;19;22;17;25;2708
"11_08";17;2;15;24;20;6;10;5;2;8;41;9;20;7;9;16;41;15;65;24;15;68;38;31;29;10;14;27;39;56;24;28;30;14;58;58;41;10;9;7;49;62;31;15;61;26;42;9;2;9;10;2;10;12;8;27;7;16;29;23;15;16;7;38;21;10;9;16;47;9;12;14;17;40;33;24;21;77;12;4;4;20;33;9;32;44;24;4;23;7;13;19;32;16;23;15;2172
"12_08";14;4;4;15;36;2;17;10;2;2;32;8;34;4;10;27;36;28;68;20;7;58;31;33;30;5;14;25;32;49;17;22;17;14;36;45;39;22;6;13;50;71;30;15;63;18;26;9;7;14;9;1;7;16;11;15;1;22;22;33;13;21;9;33;8;15;5;27;29;28;19;6;20;26;34;19;14;95;11;-;2;13;29;11;69;45;28;7;26;5;23;14;26;20;25;17;2120
"13_08";19;9;8;20;26;3;19;5;2;5;49;10;37;6;15;10;40;25;37;24;11;91;30;22;20;10;21;26;18;39;11;14;22;19;21;48;40;7;8;7;51;57;19;21;47;12;24;8;4;10;9;1;13;15;7;11;5;11;19;20;12;6;6;31;21;23;7;19;32;16;11;11;13;42;43;13;18;80;13;4;4;23;22;11;15;29;22;7;25;6;11;16;21;24;32;14;1921
"14_08";11;1;5;16;22;2;8;8;4;6;38;7;19;9;18;23;30;19;53;13;11;70;28;26;18;10;13;19;29;37;20;11;10;14;35;33;22;15;3;6;32;47;26;17;47;14;37;8;3;10;9;2;13;9;5;19;2;10;20;28;8;13;13;24;12;14;7;21;33;8;12;8;20;28;22;23;20;50;12;5;4;17;22;8;13;26;12;9;15;1;8;12;19;12;27;15;1673
"15_08";2;4;7;11;8;1;7;3;5;3;10;8;9;1;1;6;14;21;22;8;2;12;10;11;16;11;4;12;11;13;7;11;11;3;14;22;16;6;-;3;20;32;23;5;28;10;15;8;3;3;6;-;3;4;5;10;-;8;16;13;7;7;8;12;8;13;6;14;10;5;9;5;7;9;23;8;14;40;9;7;1;11;15;3;10;10;5;3;7;2;10;10;17;8;6;8;905
"16_08";8;-;4;4;7;-;3;4;-;-;9;3;8;1;3;7;10;6;23;3;10;12;5;13;5;3;3;8;4;13;4;3;4;7;10;9;11;5;-;1;3;27;6;2;16;8;5;2;2;2;7;-;3;2;4;8;-;1;8;3;1;5;6;9;5;4;-;5;12;4;4;6;2;5;7;3;1;8;4;-;3;6;6;2;3;10;2;2;8;-;9;3;6;9;1;6;509
"17_08";15;1;12;30;34;3;9;9;7;8;71;13;27;3;6;19;54;24;70;19;10;71;26;41;23;8;31;27;24;61;19;29;27;18;47;51;42;17;7;4;55;62;23;18;66;39;45;13;11;8;18;3;14;15;3;24;3;20;37;29;20;19;10;29;29;27;8;25;47;12;18;10;23;40;35;15;40;68;15;5;5;11;29;17;25;44;29;12;29;4;18;16;23;19;17;25;2341
"18_08";14;6;8;13;24;2;6;9;2;4;31;13;12;5;4;19;47;27;41;19;9;65;25;15;23;7;14;25;20;46;16;23;16;12;46;41;26;10;3;7;31;46;26;6;40;24;30;12;4;3;9;2;15;17;7;17;1;17;23;31;11;8;7;31;15;9;11;18;31;13;16;8;17;19;29;22;15;51;13;2;6;12;27;13;28;18;18;4;13;4;13;13;21;26;20;17;1715
"19_08";16;1;15;22;19;7;7;7;4;5;51;5;17;1;7;21;50;30;37;18;16;77;27;28;33;3;12;26;21;53;19;20;14;9;35;36;36;13;3;9;29;60;26;13;57;32;29;17;8;9;18;2;5;13;4;14;4;10;16;26;15;22;12;28;16;14;4;20;22;10;17;3;18;37;32;11;18;57;20;3;4;14;31;9;19;28;24;3;27;6;14;14;18;15;24;12;1863
"20_08";10;3;6;6;12;5;5;4;4;3;23;5;13;1;4;12;27;9;31;9;6;46;20;18;16;3;5;14;6;20;6;11;10;14;23;19;17;15;5;1;19;34;16;7;21;13;16;5;7;11;10;-;4;4;6;15;2;3;13;11;8;10;3;15;8;8;11;14;26;5;5;3;4;11;17;3;12;27;6;2;-;11;20;10;11;19;13;5;12;2;5;8;16;5;20;2;1041
"21_08";9;2;4;23;27;6;12;7;3;4;45;4;13;4;2;23;32;15;63;4;9;48;28;23;16;3;13;21;27;29;13;13;26;5;28;28;22;10;4;8;30;40;19;21;48;23;26;14;11;11;11;-;15;15;3;16;4;15;18;25;20;5;8;24;22;19;8;13;35;10;21;8;13;32;27;17;22;59;7;3;3;16;19;17;10;17;8;9;19;5;10;8;30;15;12;11;1623
"22_08";5;-;6;4;6;2;6;-;2;-;14;5;11;2;2;3;15;12;30;5;1;14;6;13;18;3;8;7;5;14;2;10;7;4;13;13;4;5;4;1;9;29;9;3;16;7;14;1;2;3;7;-;4;7;1;3;1;1;7;9;2;12;1;6;5;9;5;10;17;3;8;1;3;15;11;7;7;15;7;3;1;7;12;4;6;9;5;2;8;2;4;4;11;5;10;4;656
"23_08";3;-;1;1;6;2;3;3;-;2;9;-;8;2;2;4;5;2;8;4;1;12;6;3;5;1;3;6;6;4;5;2;4;2;4;8;10;3;-;-;2;11;7;3;9;2;6;5;2;1;5;-;4;4;3;1;1;1;2;2;3;3;4;8;-;1;6;3;5;2;4;2;3;3;13;10;5;9;3;-;-;5;8;2;6;15;4;2;4;-;3;3;1;2;2;6;371
"24_08";28;3;8;22;23;3;8;8;5;6;52;7;18;6;6;20;40;27;56;12;17;62;17;34;36;4;11;22;31;65;16;23;15;13;37;26;36;21;4;4;33;45;26;13;57;29;36;14;6;7;9;1;10;15;4;26;7;11;37;22;9;15;5;23;21;10;7;27;46;7;16;10;13;36;42;21;19;73;17;5;6;19;28;10;11;34;19;9;33;4;15;14;21;17;21;23;1966
"25_08";14;3;5;17;14;1;7;2;3;4;48;9;16;7;6;16;23;19;40;8;6;54;27;24;27;-;12;16;14;32;10;20;8;8;31;34;33;22;2;5;30;40;10;2;15;18;19;10;11;8;8;-;9;16;7;13;2;13;21;20;6;21;9;27;16;10;4;13;47;5;13;8;11;37;22;14;11;38;9;2;2;14;22;14;16;19;17;1;9;4;13;15;10;16;28;23;1465
"26_08";13;4;9;28;12;4;6;8;23;12;40;2;11;4;4;8;49;23;59;5;18;31;11;26;26;5;12;21;20;39;19;12;21;9;23;31;25;15;1;8;32;44;23;12;30;22;19;6;2;10;13;1;6;8;7;15;2;15;23;25;12;8;5;27;21;5;7;19;33;11;19;7;15;42;21;19;25;38;10;6;2;26;30;15;26;18;17;6;13;7;8;7;16;11;26;15;1605
"27_08";13;6;11;18;16;1;8;4;16;4;36;8;17;5;9;14;51;13;81;20;9;39;35;29;22;3;15;25;15;46;17;22;13;9;26;45;24;17;1;3;21;39;21;9;39;18;27;5;5;6;9;-;10;17;4;12;2;13;29;26;14;8;8;18;16;16;5;21;48;8;14;13;11;26;33;18;26;65;9;2;3;15;28;12;20;23;21;5;19;1;10;15;11;7;27;25;1699
"28_08";7;3;6;15;18;2;11;4;4;3;40;6;14;5;8;19;38;21;59;9;6;35;23;24;30;3;15;17;16;50;7;21;10;18;24;30;29;14;8;14;27;37;22;12;45;10;29;8;5;10;7;1;11;15;8;14;4;13;28;19;16;12;8;28;18;8;11;14;36;15;16;11;14;16;11;27;23;58;16;3;4;14;22;6;22;19;15;6;16;4;16;11;13;11;28;20;1599
"29_08";4;1;4;7;11;-;1;1;2;4;6;-;7;1;2;6;26;17;25;5;1;19;9;11;10;4;4;14;9;20;10;6;6;7;14;6;11;4;3;3;6;18;8;3;22;5;16;2;2;4;4;-;1;4;4;9;1;4;15;8;4;4;1;14;12;7;1;6;21;1;4;6;4;10;12;14;11;23;3;1;-;5;8;7;4;18;5;1;4;1;4;7;10;8;7;3;688
"30_08";5;-;1;3;3;1;8;1;4;2;6;3;11;2;2;2;8;11;13;1;1;7;10;8;3;-;2;9;3;19;3;9;4;5;14;6;2;4;1;4;4;11;9;4;13;3;6;-;2;-;2;-;6;6;-;7;-;1;1;4;5;3;2;7;2;3;7;4;10;2;7;1;3;6;9;7;3;10;2;2;-;6;5;2;1;6;5;2;8;-;1;4;3;4;4;5;431
"31_08";19;2;9;24;16;-;16;11;2;6;48;9;22;3;11;20;29;21;56;25;25;66;29;24;19;5;8;31;18;48;26;15;15;17;18;51;28;15;1;14;37;43;12;6;44;20;34;7;6;18;5;-;11;16;4;15;4;20;30;26;9;13;4;26;23;5;9;13;46;8;30;12;12;50;40;13;27;64;9;3;3;18;24;7;15;25;26;6;16;3;17;19;23;6;21;13;1838
"01_09";13;4;5;19;21;3;10;3;4;7;45;12;18;4;10;20;33;27;52;15;15;18;21;20;24;3;15;20;21;40;12;7;12;11;14;36;26;9;2;6;30;44;19;8;34;5;21;8;8;21;20;-;5;12;7;8;-;11;10;18;13;7;10;30;22;14;5;24;31;11;11;8;35;29;19;8;14;51;10;2;5;14;26;17;11;18;15;5;7;5;6;7;15;18;14;12;1495
"02_09";13;1;6;16;14;5;9;1;-;5;23;7;20;2;7;12;26;18;46;11;14;36;19;10;15;7;11;14;21;33;10;4;10;13;14;36;21;18;8;6;29;34;21;8;44;18;13;15;10;13;12;1;7;7;4;10;2;8;17;21;10;11;10;32;17;13;8;12;27;12;24;18;13;34;14;3;15;49;17;1;4;6;16;7;16;25;13;6;13;9;13;8;11;11;14;9;1377
"03_09";11;-;6;15;20;1;6;6;1;1;40;4;23;6;6;10;22;24;23;12;9;29;10;23;18;5;10;14;14;28;17;7;9;12;13;22;20;10;2;7;25;26;11;10;31;10;14;10;7;12;11;-;6;11;12;10;4;8;13;12;11;7;3;29;18;9;9;23;36;7;21;10;21;48;14;8;12;50;12;3;3;12;29;10;8;27;9;4;15;2;19;16;8;11;19;13;1315
"04_09";3;8;2;13;16;4;6;5;1;-;39;3;19;1;3;14;18;13;37;16;22;17;19;14;15;5;6;8;23;31;13;14;17;10;7;32;21;11;4;5;27;31;11;5;44;17;14;9;4;20;13;1;13;12;7;11;2;13;12;12;10;8;9;20;17;5;3;12;27;13;11;10;13;21;20;7;12;40;10;1;2;14;14;5;12;12;10;6;8;4;5;12;14;8;7;11;1206
"05_09";3;2;-;12;8;-;5;1;3;1;6;2;5;2;-;3;7;14;12;6;7;5;3;13;12;1;4;3;8;17;10;8;6;6;4;9;10;3;1;2;8;13;13;4;14;4;6;2;4;5;7;-;4;7;6;3;-;5;6;3;2;6;2;14;8;4;3;5;5;4;3;4;8;11;9;2;5;17;6;1;1;6;8;1;4;4;6;5;5;-;9;5;2;2;2;5;522
"06_09";3;1;1;2;7;-;-;-;-;1;1;2;5;-;3;2;1;3;9;3;-;5;4;4;2;3;-;2;5;5;4;2;1;1;3;7;6;2;1;2;4;8;2;4;10;4;5;1;3;-;-;-;-;2;1;2;-;-;4;2;-;3;2;6;1;1;2;2;16;2;-;2;3;6;3;5;4;6;2;-;-;4;3;2;5;4;4;-;-;1;-;4;7;1;4;1;261
"07_09";2;-;1;6;4;3;1;3;1;2;6;-;3;1;1;3;16;16;14;3;9;7;4;6;7;1;7;2;11;9;9;2;3;8;3;10;7;1;-;6;14;16;6;4;8;4;7;3;1;4;6;-;3;3;3;3;-;5;5;3;1;7;1;5;6;4;1;10;8;3;5;5;8;9;9;5;2;23;6;1;1;5;6;3;6;5;5;1;4;1;9;3;2;4;7;4;481
"08_09";17;4;5;25;22;6;10;7;3;13;42;9;33;5;12;13;38;27;37;17;20;26;14;31;21;7;14;23;32;50;23;12;17;17;13;38;36;16;5;-;32;22;13;5;43;16;15;10;11;24;15;1;20;9;7;13;-;10;14;21;14;12;9;31;16;21;7;17;41;11;17;14;17;32;23;7;22;58;14;1;3;26;15;11;17;12;28;4;11;2;10;9;24;9;24;17;1667
"09_09";11;4;6;8;18;7;15;3;1;8;25;3;15;4;4;6;23;17;23;18;6;34;14;24;18;3;7;16;26;28;13;16;11;19;25;31;30;17;2;7;16;30;13;4;26;25;20;14;3;13;13;-;8;19;4;7;3;11;9;16;9;13;10;22;17;10;7;5;20;8;16;9;20;24;18;12;14;45;16;4;1;11;22;16;13;26;23;4;9;5;8;13;25;16;14;12;1337
"10_09";16;4;6;19;18;2;9;16;3;1;34;4;13;1;3;10;19;25;40;13;10;17;15;20;14;5;10;13;22;21;18;10;13;8;16;39;11;13;3;2;26;24;10;8;22;12;11;6;4;19;13;-;9;7;4;8;4;11;10;26;9;25;4;21;13;10;5;12;18;4;12;11;15;43;20;10;20;45;10;4;2;18;21;14;9;17;13;9;14;5;4;18;25;17;19;11;1297
"11_09";4;4;1;13;11;2;22;8;2;2;26;1;15;2;6;12;16;14;25;17;5;22;18;9;12;4;13;20;11;20;7;6;13;12;16;33;19;11;3;4;12;16;20;5;23;10;11;7;6;6;12;-;8;12;8;6;5;13;11;12;12;3;6;24;12;13;5;9;26;6;10;8;18;18;11;12;8;29;14;8;4;15;14;6;10;16;12;2;9;7;13;4;17;14;12;14;1085
"12_09";-;-;-;7;9;1;2;1;2;1;8;3;8;1;5;-;6;10;8;6;-;8;5;6;8;2;1;10;4;9;5;8;6;5;2;4;4;1;2;-;8;11;9;6;2;2;12;2;1;-;4;-;2;2;-;2;1;2;5;9;2;3;1;9;2;5;1;4;5;1;6;4;1;5;11;6;4;23;12;1;1;1;10;1;3;4;7;4;4;-;2;7;6;2;4;1;411
"13_09";4;-;1;1;3;1;-;-;-;1;-;2;4;-;-;2;8;2;5;1;1;8;10;2;1;1;-;2;2;9;3;2;-;2;1;5;-;3;-;-;2;9;1;1;4;2;5;3;2;4;-;-;1;1;-;-;-;2;3;4;6;6;2;8;3;1;5;5;4;2;1;1;4;3;9;3;2;7;2;2;1;4;1;1;3;3;4;2;-;-;2;3;1;-;2;3;237
"14_09";15;8;3;21;22;4;20;9;4;12;26;1;18;3;12;10;36;18;36;25;13;26;26;16;8;10;16;18;22;19;14;4;26;20;11;37;28;13;5;4;22;35;14;11;33;16;21;8;10;12;8;1;16;14;6;8;-;16;12;22;8;15;5;13;22;8;3;13;33;9;12;9;14;27;25;9;7;45;17;2;1;16;27;5;12;13;19;7;17;5;9;15;15;9;10;11;1411
"15_09";8;4;5;17;13;4;5;3;3;2;27;4;17;3;4;9;16;15;29;16;9;27;9;16;15;6;13;17;20;22;13;9;8;8;9;14;20;8;5;4;21;18;12;8;21;12;14;5;6;6;7;-;3;12;4;4;-;9;8;14;13;10;6;25;26;7;6;11;22;5;7;5;9;21;18;17;19;40;8;-;3;6;20;7;9;13;14;2;9;5;13;7;7;9;10;12;1061
"16_09";10;5;6;6;12;5;7;6;1;1;27;6;8;1;8;10;22;12;27;12;11;17;17;11;10;5;4;6;18;23;11;6;10;14;10;23;25;8;2;3;21;13;17;7;27;5;15;7;5;7;7;-;6;10;7;2;3;9;9;11;11;3;9;21;11;5;6;13;23;8;14;3;11;19;15;9;20;27;10;2;3;10;24;6;9;9;15;1;8;4;6;12;9;12;14;15;1011
"17_09";9;2;3;11;18;3;5;3;1;2;19;4;8;6;1;13;23;14;30;8;6;38;20;17;8;6;8;14;21;22;7;5;13;16;10;17;17;12;1;5;20;24;5;10;23;13;14;10;7;9;6;-;14;13;9;5;1;7;7;16;11;6;6;19;13;8;9;12;18;9;5;5;10;22;7;4;14;40;12;1;1;14;27;6;16;12;8;3;8;7;12;13;13;13;20;8;1071
"18_09";13;9;1;11;10;3;9;3;5;3;18;4;5;4;5;4;29;9;26;10;3;24;17;13;13;7;7;8;17;22;5;6;12;17;6;12;29;6;1;4;15;19;15;12;21;12;9;5;7;8;5;1;16;12;12;5;2;7;8;10;17;15;12;19;10;9;6;8;24;8;22;6;12;27;18;5;9;29;10;-;-;10;13;7;11;11;13;4;10;7;4;10;12;7;11;13;1020
"19_09";1;2;-;4;8;2;1;2;1;1;2;2;1;1;5;3;-;6;8;8;1;2;3;5;4;2;3;8;7;8;2;6;2;1;2;10;7;4;-;-;7;8;6;3;9;5;1;1;3;5;6;-;6;4;1;2;-;1;15;1;5;2;1;10;5;7;3;1;10;2;2;1;1;3;4;2;2;12;1;1;2;-;2;4;4;5;3;-;3;-;4;2;7;3;4;2;339
"20_09";3;-;3;1;3;-;1;4;-;1;7;-;2;4;3;6;6;4;7;-;1;1;4;2;3;2;5;3;3;10;2;2;1;-;1;4;2;-;-;3;3;10;2;1;-;2;6;3;3;3;4;-;3;2;-;1;-;-;1;2;2;2;2;3;2;2;1;2;6;3;5;1;1;5;7;2;1;5;2;2;1;2;7;3;2;5;1;3;4;-;8;5;2;2;3;1;255
"21_09";9;6;-;14;13;2;11;2;8;6;42;3;14;6;10;10;13;21;24;15;2;29;14;16;22;5;8;15;22;30;14;5;12;12;19;14;32;12;2;2;17;9;18;16;45;10;20;5;4;6;13;1;11;10;7;9;2;6;11;18;15;9;8;15;23;8;10;17;31;9;15;13;9;20;23;8;16;29;19;1;4;17;23;11;15;19;18;6;20;5;9;23;15;11;18;14;1280
"22_09";6;2;2;14;13;1;5;6;3;7;21;6;14;4;8;12;15;10;13;9;9;24;10;17;8;7;11;17;19;13;12;7;9;8;13;27;12;7;2;1;12;17;10;18;15;8;15;3;7;7;8;-;4;19;6;4;1;4;5;14;16;3;4;21;14;6;3;15;24;7;11;3;8;16;25;2;16;37;5;-;1;13;25;10;19;20;14;4;6;4;2;20;12;10;14;7;998
"23_09";6;1;7;11;9;3;10;5;2;2;16;5;15;3;7;6;11;9;17;11;12;9;6;21;10;5;4;12;20;21;10;5;5;9;7;19;14;7;2;3;9;17;7;70;25;18;11;7;6;5;9;-;5;16;6;8;3;10;6;6;13;6;6;17;16;3;3;8;18;6;19;6;9;17;20;6;17;25;9;1;2;13;24;10;8;16;13;3;8;4;10;19;8;8;7;18;997
"24_09";10;11;5;11;12;2;13;4;5;3;21;6;8;4;8;13;24;9;17;10;6;17;8;16;21;3;12;13;7;11;7;10;11;8;10;30;23;5;2;3;16;7;17;38;23;4;11;4;6;16;6;-;6;9;10;14;-;9;4;18;12;8;7;18;14;5;2;13;33;10;5;4;8;27;14;6;12;36;9;1;4;19;30;5;8;14;13;3;11;6;4;8;13;9;14;6;1048
"25_09";15;3;1;10;18;3;5;4;1;3;23;4;8;4;3;4;12;11;13;16;11;8;8;22;11;8;5;17;12;12;13;9;7;6;11;19;17;5;-;2;13;4;15;11;16;8;12;2;8;8;8;-;4;9;4;2;2;12;7;10;14;5;4;21;13;7;3;17;26;4;5;9;7;11;13;4;12;24;8;1;1;9;14;7;9;13;12;2;13;4;7;13;13;5;14;12;875
"26_09";7;-;-;5;2;-;-;1;1;-;11;2;2;-;1;4;7;6;8;4;-;-;3;4;7;1;7;5;4;8;5;1;6;4;4;3;5;3;-;1;6;5;5;2;5;2;3;3;-;2;3;1;2;7;-;2;-;-;3;8;5;2;2;6;2;4;1;2;10;2;1;1;4;2;7;1;1;13;4;-;1;3;7;1;2;7;4;-;2;3;3;2;5;2;3;-;306
"27_09";4;1;1;1;3;-;1;2;-;-;5;-;3;-;-;3;2;3;2;-;1;1;1;1;1;2;1;-;5;4;2;-;1;1;3;8;5;2;1;-;1;5;3;3;1;1;4;-;-;1;4;-;2;1;4;1;-;-;-;1;2;3;-;3;-;-;2;6;2;-;2;1;1;3;10;3;2;3;2;-;1;2;7;-;6;-;1;-;-;1;3;-;4;1;-;3;177
"28-09";11;4;6;16;16;1;10;5;3;2;33;4;20;3;8;20;15;13;20;15;6;16;10;28;10;9;12;17;17;27;6;5;15;19;17;29;24;8;-;3;28;12;16;11;18;12;13;4;3;12;13;-;13;14;4;4;5;14;2;12;17;6;12;28;9;4;11;8;17;14;20;11;6;28;25;7;11;32;15;1;5;9;21;8;11;15;27;8;18;11;12;20;9;8;13;12;1202
"29_09";9;1;-;15;12;5;7;5;3;2;26;7;10;4;3;2;13;12;11;5;10;10;4;11;8;5;5;8;13;13;11;8;4;6;14;26;24;11;1;4;18;19;9;7;18;13;20;5;7;12;11;-;6;7;4;14;1;6;8;2;11;8;11;17;9;5;4;8;19;5;10;4;13;15;15;8;6;32;9;3;4;13;26;6;5;20;10;4;7;5;7;8;24;15;18;7;926
"30_09";8;4;11;19;9;1;6;5;2;5;22;2;11;7;12;11;14;17;17;8;9;14;14;17;5;7;11;12;16;20;8;7;8;14;18;17;16;1;6;2;16;9;15;15;20;5;11;2;5;8;12;-;14;9;5;3;4;11;6;11;14;4;13;11;10;6;6;11;24;7;15;7;9;20;20;9;6;15;6;2;3;18;15;7;14;8;9;7;11;3;3;13;16;13;8;7;964
"01_10";7;2;1;11;7;-;14;6;-;4;8;5;14;2;7;10;20;5;12;6;10;7;7;22;6;5;9;8;8;20;12;5;7;11;9;20;11;6;2;1;14;7;8;2;15;10;19;6;6;8;5;-;12;8;5;2;-;9;11;9;6;5;3;15;11;8;2;7;9;5;8;10;7;6;19;4;4;22;4;2;1;8;5;3;7;11;10;3;9;5;5;10;10;8;10;11;756
"02_10";9;2;4;10;7;5;12;5;2;4;10;2;13;1;5;8;5;15;14;11;7;8;11;7;6;4;10;8;10;11;6;5;9;5;9;9;18;4;2;2;9;4;12;8;25;8;31;14;6;4;7;-;43;9;12;1;2;8;4;6;10;4;8;17;4;5;7;9;24;9;11;9;4;12;17;9;5;23;14;1;2;5;4;2;12;10;10;2;16;4;6;8;10;3;15;12;831
"03_10";-;1;2;8;6;-;1;-;-;-;4;2;2;-;-;2;10;7;5;2;3;6;4;7;5;1;7;3;-;6;3;4;3;-;5;3;2;1;1;-;5;4;5;1;1;5;2;4;1;2;2;-;-;-;-;2;4;2;2;3;3;3;-;4;2;1;-;3;8;-;2;3;2;6;6;1;4;3;7;-;2;2;2;1;2;1;-;1;1;-;1;4;5;2;3;3;249
"04_10";2;-;-;2;2;-;1;1;-;-;2;-;3;-;3;3;6;4;7;-;-;5;3;2;2;2;2;1;1;6;3;1;4;2;3;1;8;-;-;-;1;1;1;2;2;2;2;-;-;1;1;-;2;-;1;1;-;-;2;2;1;-;1;5;1;-;3;-;7;1;-;-;-;1;5;1;3;3;2;-;-;1;-;4;2;3;1;1;1;3;1;-;3;2;-;2;161
"05_10";15;3;-;7;17;3;14;7;5;4;19;6;8;3;4;8;17;16;29;14;8;12;13;21;9;6;14;11;14;16;10;6;8;3;16;26;16;2;1;3;17;18;5;7;15;13;4;8;7;4;13;-;7;11;4;2;5;14;19;10;13;3;8;28;7;6;6;14;18;8;10;7;8;24;23;4;24;27;10;-;3;8;14;3;16;10;16;4;10;5;6;9;19;9;13;10;1000
"06_10";8;1;-;12;9;3;3;4;3;1;10;3;6;1;7;10;13;20;7;7;7;14;7;14;20;6;8;10;15;19;7;4;10;9;6;18;17;5;-;3;16;7;11;6;16;10;7;7;2;8;3;-;8;7;10;4;2;6;4;13;5;3;3;15;6;7;6;15;27;12;11;18;7;14;11;7;4;24;21;1;5;13;8;6;16;8;11;4;7;4;6;11;15;6;10;9;830
"07_10";12;3;-;11;11;5;8;6;2;8;15;2;3;6;2;9;12;10;12;14;4;8;8;12;11;4;5;13;13;18;19;6;5;13;3;15;10;7;3;1;20;5;5;7;25;14;16;8;8;4;8;-;3;10;8;2;-;6;11;10;15;2;14;20;6;6;4;12;17;11;3;2;6;19;8;7;7;27;11;2;-;11;12;5;13;13;20;2;8;-;6;5;12;8;14;5;832
"08_10";6;5;3;10;12;5;9;4;3;1;13;6;5;4;6;4;28;6;12;27;7;8;10;4;14;2;17;14;11;16;5;7;9;14;4;9;10;5;1;1;14;7;9;7;9;4;7;2;6;5;4;-;8;11;8;2;2;6;7;17;10;3;11;7;5;7;3;12;25;3;6;8;8;15;14;10;7;12;14;1;1;16;5;10;11;6;16;2;7;2;1;12;8;3;17;8;778
"09_10";4;7;6;7;14;5;7;6;1;3;11;2;8;2;8;6;8;6;45;12;5;5;8;10;14;10;13;5;14;9;8;7;10;12;5;18;16;1;1;1;8;14;11;10;17;6;24;4;3;6;4;-;8;8;5;4;-;8;6;18;6;3;11;10;7;5;3;15;33;8;2;3;1;23;19;8;13;19;7;-;-;11;10;5;13;12;12;2;4;1;1;12;13;6;7;9;818
"10_10";2;-;1;6;1;-;3;1;5;2;6;1;4;2;3;4;4;4;4;2;5;10;4;6;5;3;4;4;12;3;-;5;3;5;1;6;4;2;2;4;5;2;6;4;8;4;1;1;1;5;3;-;1;3;4;4;2;1;-;3;2;6;9;4;3;3;2;1;8;1;2;2;4;1;7;5;4;5;4;-;-;-;4;3;6;2;4;2;3;3;1;6;5;-;1;2;316
"11_10";1;-;-;3;1;-;5;2;-;-;1;1;2;3;-;1;2;1;2;-;-;2;5;-;-;2;1;2;4;12;1;-;3;5;-;1;7;-;1;1;1;3;1;2;2;-;1;1;1;1;1;-;3;1;2;1;-;-;-;1;-;2;1;2;1;-;-;2;3;-;2;1;-;-;1;2;4;4;1;2;-;1;-;-;2;1;-;2;1;1;1;2;2;1;1;3;140
"12_10";-;1;1;1;4;-;4;-;-;-;3;1;1;1;2;1;8;3;13;4;2;4;4;2;5;1;6;3;3;5;2;-;5;1;1;13;7;2;-;-;5;3;-;-;3;4;6;1;1;1;-;-;-;3;1;-;1;2;-;4;1;2;3;3;3;3;3;6;7;1;2;1;3;1;7;4;3;7;1;-;-;3;2;1;2;3;2;1;2;1;1;3;6;-;9;2;248
"13_10";6;7;2;15;17;9;9;4;2;4;20;5;6;3;8;11;20;24;35;12;6;16;10;12;19;3;13;11;18;29;23;3;16;12;2;16;28;3;-;4;21;25;9;9;25;19;19;8;7;20;4;-;11;8;6;6;1;9;10;11;6;3;12;23;9;13;2;11;34;8;7;12;10;27;28;1;41;53;21;-;3;18;14;10;11;13;13;2;9;4;5;13;25;7;15;10;1184
"14_10";3;4;1;10;16;6;10;3;2;5;40;7;13;3;4;11;18;14;28;12;6;23;23;12;25;2;10;10;20;30;14;9;15;20;18;25;30;6;4;4;9;18;19;14;17;10;36;16;2;10;12;-;17;4;7;6;2;8;6;8;12;6;5;32;12;13;8;14;23;6;81;14;19;15;21;19;12;23;19;1;4;11;15;12;8;39;9;6;16;5;9;9;8;10;15;7;1275
"15_10";4;2;2;9;7;6;6;3;-;2;15;7;10;4;4;9;11;5;19;14;3;14;37;10;8;4;13;7;8;58;10;1;5;13;6;13;19;3;3;2;18;10;7;7;20;4;4;22;3;10;5;-;11;2;8;8;3;4;3;10;15;15;6;19;6;7;4;11;23;6;6;9;12;14;13;4;9;28;12;-;2;6;13;3;19;7;9;4;6;4;3;6;9;3;17;16;881
"16_10";10;7;-;13;16;2;6;4;1;3;15;7;9;5;5;12;17;10;43;9;1;18;13;6;8;5;6;14;27;40;10;4;15;13;10;15;20;7;2;2;13;10;10;11;24;5;9;23;7;16;6;-;10;8;8;8;2;12;8;15;17;8;3;17;2;9;4;13;20;5;4;5;6;9;12;6;6;24;17;-;2;15;8;7;22;25;7;5;6;1;1;11;12;3;10;12;969
"17_10";4;1;-;-;6;-;2;1;-;-;22;1;6;-;1;6;12;2;5;8;1;17;6;1;6;1;-;5;9;16;3;4;3;2;3;5;6;1;1;-;14;7;4;2;2;2;7;3;1;-;1;-;-;1;14;23;-;1;3;4;2;4;4;8;-;4;3;-;10;5;3;1;1;3;8;1;11;10;6;1;5;3;1;-;7;5;1;1;3;1;2;4;2;2;6;74;458
"18_10";-;1;-;3;3;1;4;-;-;1;2;4;2;2;1;1;-;1;8;2;-;-;2;-;2;1;2;2;1;1;-;-;4;3;1;-;1;1;-;-;1;2;-;3;3;-;1;3;-;1;-;-;-;3;1;2;-;-;-;-;2;3;1;1;-;1;10;2;7;2;-;4;1;2;3;2;6;3;3;-;-;5;1;-;2;2;-;-;-;1;1;3;-;-;2;1;148
"19_10";10;5;6;13;6;6;8;5;2;1;42;5;16;2;7;7;14;6;32;20;3;16;10;11;16;6;6;4;17;22;7;3;14;15;6;18;14;6;4;6;17;14;8;10;19;13;14;18;5;5;11;-;14;11;11;2;2;9;31;14;8;8;5;15;3;7;14;14;30;23;8;4;32;15;13;7;2;59;27;-;4;5;10;4;17;18;16;2;6;2;9;16;7;3;26;14;1098
"20_10";4;2;2;7;4;5;6;3;3;3;20;5;8;7;5;8;16;9;40;11;5;14;8;3;9;7;13;4;25;20;7;2;10;14;19;4;20;2;-;1;31;4;6;6;18;2;10;10;7;9;6;1;7;4;4;4;1;9;6;9;8;16;10;23;3;14;20;10;28;3;4;8;12;7;6;1;20;16;11;1;3;4;7;9;11;17;18;8;7;6;4;10;12;7;31;21;905
"21_10";6;5;-;5;6;4;9;5;6;6;31;1;15;-;2;11;15;12;41;14;2;12;12;14;6;3;5;6;23;19;4;4;4;4;2;17;10;10;-;4;20;13;13;10;13;9;6;18;4;9;5;-;7;4;1;3;-;7;7;12;20;5;7;22;7;5;4;9;17;5;6;3;18;8;19;1;11;21;12;3;2;11;12;4;9;14;10;7;4;1;3;12;8;12;17;14;859
"22_10";7;5;3;9;6;13;7;5;3;-;30;5;12;3;7;12;17;13;44;21;3;18;14;11;4;7;5;6;26;21;4;9;13;9;42;13;29;5;5;4;50;7;9;12;20;2;9;8;4;10;7;-;14;3;10;2;-;6;13;12;16;11;9;24;6;4;3;14;25;4;8;8;31;20;15;18;21;28;12;3;2;13;15;6;12;17;27;4;16;2;5;23;5;7;10;10;1122
"23_10";7;2;5;15;7;5;12;10;4;3;18;8;12;2;13;16;26;7;31;22;5;20;12;11;9;9;24;11;42;14;13;4;23;9;29;18;35;10;4;2;23;12;13;15;16;12;6;8;4;8;6;1;19;3;11;5;3;7;9;12;14;9;8;25;5;6;22;13;46;9;11;3;16;19;19;3;6;25;19;2;3;25;12;3;21;17;17;7;4;8;8;23;17;4;8;21;1200
"24_10";3;1;2;7;3;1;3;1;-;2;7;5;2;2;5;3;4;2;11;7;1;5;6;2;6;1;1;4;8;11;1;4;3;2;1;5;9;1;1;3;8;2;5;4;12;2;1;5;2;1;2;-;11;-;-;2;1;5;4;8;1;9;2;12;1;5;-;3;8;2;3;2;4;3;8;9;3;5;8;-;1;3;3;3;5;7;3;1;7;2;1;4;1;5;-;2;357
"25_10";1;-;1;1;-;-;1;2;1;-;1;3;6;-;6;9;3;-;7;-;1;-;3;-;-;-;1;-;2;2;-;2;1;4;2;3;1;-;2;-;6;-;8;1;1;4;1;1;1;-;-;-;1;2;1;1;1;-;2;-;3;1;-;10;4;-;1;3;3;2;5;-;5;3;7;2;1;1;1;-;-;1;1;-;8;4;3;-;-;1;-;-;1;2;-;4;174
"26_10";8;4;3;17;13;3;12;12;3;2;36;4;6;5;11;8;23;14;57;9;4;23;21;10;8;8;9;9;29;17;19;8;11;22;17;16;22;7;5;6;28;14;11;9;23;9;5;12;3;4;-;1;17;10;8;6;-;7;13;10;20;13;11;22;7;11;2;17;33;8;13;13;12;18;17;10;28;39;10;-;3;13;19;5;23;20;17;2;8;-;7;8;15;10;7;14;1186
"27_10";7;4;2;16;10;-;4;-;-;4;26;3;10;2;9;10;26;13;45;8;4;15;31;8;9;2;11;5;21;26;8;5;11;10;4;16;27;12;3;4;26;13;11;9;19;12;13;16;5;7;5;-;15;6;5;8;3;11;12;7;14;6;5;32;6;17;7;12;38;8;5;7;11;10;7;4;7;13;13;2;1;7;9;3;12;16;14;-;9;5;4;14;13;6;12;10;993
"28_10";2;4;2;16;11;5;10;7;1;5;26;4;9;2;5;14;9;10;18;7;4;6;15;4;17;3;10;8;19;23;5;8;12;10;16;7;14;5;1;2;28;14;6;11;13;4;6;10;3;6;3;-;12;4;9;16;-;13;7;11;6;9;11;14;5;9;5;11;40;3;5;3;7;17;15;1;27;25;14;3;4;11;10;12;24;10;10;2;5;8;4;10;6;7;16;12;913
"29_10";8;3;1;8;6;3;12;4;1;4;19;5;4;4;15;14;15;11;32;10;7;8;17;10;11;3;9;5;23;7;4;2;15;21;9;11;18;12;5;2;24;11;7;18;11;2;4;10;8;9;4;1;10;4;7;6;1;4;10;19;14;7;10;19;1;7;3;10;33;8;4;8;3;7;12;8;7;20;9;-;2;12;4;8;13;8;10;3;15;3;1;11;10;7;11;10;866
"30_10";9;5;5;8;8;2;3;1;3;-;4;4;4;5;5;10;14;5;16;11;5;6;13;10;3;5;10;1;12;13;3;2;14;15;2;11;13;-;1;-;19;6;7;7;7;8;6;9;2;2;4;-;13;9;9;6;1;10;-;10;22;3;7;16;9;6;2;8;15;5;4;6;4;13;9;3;8;24;18;-;2;8;4;10;7;8;10;3;4;4;3;11;9;3;8;14;686
"31_10";2;1;1;8;6;-;2;1;-;-;3;-;1;-;3;2;9;3;6;3;2;3;4;2;2;-;1;1;9;2;4;2;5;6;1;1;8;2;-;-;13;4;5;3;2;3;2;2;2;1;-;-;3;1;1;7;-;4;-;2;-;5;2;6;-;-;-;1;6;-;1;1;2;2;2;-;2;7;4;1;1;5;1;-;5;3;2;3;-;1;-;4;5;-;1;4;238
"01_11";-;-;-;3;2;-;1;1;-;1;3;1;4;2;-;1;4;-;3;2;-;4;3;1;-;1;3;-;4;4;-;2;3;2;1;2;-;4;1;-;5;-;-;-;3;1;-;1;2;2;-;-;1;-;1;1;-;-;-;1;1;2;7;2;-;-;-;1;4;-;2;7;1;1;4;1;3;5;2;1;-;-;3;1;2;1;2;-;-;-;2;2;5;2;-;3;148
"02_11";1;2;-;6;2;1;2;1;-;3;12;-;-;3;2;6;7;8;8;2;3;5;2;3;1;2;4;2;4;7;-;-;6;4;4;5;2;1;2;-;7;6;4;2;14;2;2;1;-;-;-;-;3;1;2;1;-;2;4;1;-;6;1;3;1;2;2;4;7;3;-;6;6;3;4;-;2;13;4;-;3;2;1;4;6;3;2;1;1;1;-;8;5;2;2;3;286
"03_11";5;3;1;8;8;4;2;3;1;4;10;4;5;2;8;4;20;9;18;8;8;11;9;10;13;10;6;9;28;6;12;4;13;13;3;13;16;6;1;1;24;9;16;11;18;9;4;8;2;6;6;-;16;8;3;7;1;7;3;12;16;6;8;22;5;6;-;10;16;11;14;4;9;6;8;2;10;23;19;1;2;14;6;8;12;9;14;4;12;1;5;14;10;6;7;15;824
"04_11";3;1;4;2;4;3;6;1;1;-;11;2;10;3;9;8;8;7;6;6;4;8;8;4;5;1;8;6;6;5;1;2;7;14;3;6;8;10;1;-;21;1;1;8;9;3;2;10;6;3;4;-;11;2;8;3;-;3;8;7;7;4;14;14;3;2;2;3;24;7;5;7;10;8;6;6;16;17;9;-;4;10;3;4;12;3;9;2;5;10;2;13;10;1;11;3;578
"05_11";-;3;1;-;1;-;1;-;1;-;2;1;-;1;1;2;1;-;3;-;-;1;1;-;-;2;2;-;1;4;-;-;3;6;-;-;-;-;-;-;4;1;-;5;2;-;-;3;2;-;1;-;5;-;2;2;-;-;1;-;1;-;1;5;-;1;-;1;8;-;-;2;-;-;3;-;1;1;2;1;2;-;1;1;1;-;1;-;-;-;-;3;1;-;1;1;105
"06_11";-;-;-;-;1;1;-;1;-;-;2;-;-;-;5;2;3;1;1;-;-;-;1;-;-;1;-;-;1;2;-;-;-;1;-;2;2;-;-;-;2;1;-;-;2;1;-;-;2;2;1;-;1;-;-;1;-;-;-;1;-;-;-;1;-;-;2;-;-;1;1;4;1;1;-;-;-;1;1;-;-;-;-;-;5;1;1;-;2;-;1;2;-;-;-;-;66
"07_11";-;-;-;-;1;-;1;-;-;-;-;-;-;-;1;2;-;-;2;-;-;2;1;-;-;-;1;1;1;1;-;-;-;2;1;-;3;-;-;-;1;-;-;-;2;-;1;1;-;-;-;-;2;-;-;1;-;-;-;-;-;-;1;-;-;-;-;-;-;-;-;1;-;-;-;-;1;1;-;-;-;-;-;-;2;-;3;-;1;-;-;3;-;-;-;-;41
"08_11";-;-;1;-;-;-;-;-;-;-;1;-;-;-;1;1;-;-;-;-;-;-;1;-;-;-;1;-;1;-;-;-;-;-;-;-;1;-;-;-;-;-;1;-;1;-;-;-;-;-;-;-;-;-;-;-;1;-;-;-;-;-;-;1;-;-;-;-;3;-;-;-;-;-;-;-;-;-;1;-;-;-;1;-;1;-;-;-;-;-;-;3;-;-;-;1;22
"09_11";1;-;-;-;-;-;2;-;-;-;-;1;2;1;-;2;-;1;2;-;-;2;2;1;1;-;4;1;-;-;-;-;1;1;1;-;2;-;-;-;-;1;-;-;1;-;-;-;-;-;-;-;-;1;-;1;-;-;1;3;-;-;-;3;1;-;2;-;1;-;-;-;3;-;-;1;-;-;2;-;-;1;1;2;-;1;-;1;-;-;-;3;2;-;1;-;61
"10_11";8;2;5;6;3;2;19;4;2;3;20;4;6;7;13;13;14;10;7;5;7;10;5;5;6;14;8;9;9;13;1;8;8;28;7;12;5;4;1;4;12;12;5;28;20;3;7;9;7;7;11;-;25;12;13;8;1;4;9;7;13;-;9;18;4;8;6;17;24;6;17;12;6;9;7;9;3;11;16;-;5;18;8;7;17;9;5;7;6;4;6;24;14;10;9;22;883
"11_11";9;7;1;4;5;4;11;2;-;6;7;4;13;5;14;11;17;5;12;8;8;7;4;3;5;6;11;4;15;9;2;4;16;16;5;15;16;10;1;2;7;10;10;14;18;7;5;10;9;5;7;-;22;19;8;4;1;3;2;9;12;1;16;9;7;4;7;11;14;13;11;14;3;7;13;3;11;11;18;1;1;15;19;8;19;4;9;7;8;6;5;13;5;7;9;13;808
"12_11";19;12;1;3;4;8;8;3;5;4;11;6;7;4;15;14;18;3;14;20;8;17;7;7;5;10;5;5;11;9;1;-;13;29;4;14;17;9;2;3;7;4;8;15;15;9;7;14;16;3;5;-;27;13;18;8;-;2;6;7;18;4;20;16;6;12;12;15;17;18;12;14;14;11;9;6;9;17;15;-;10;14;8;12;46;7;9;4;3;18;5;24;5;3;14;29;995
"13_11";4;7;1;5;6;-;11;6;1;3;3;4;19;1;13;10;17;8;22;9;5;11;7;6;2;8;4;4;8;12;2;5;7;15;2;-;9;7;-;2;7;21;1;14;16;3;2;9;5;8;12;-;14;7;10;1;2;3;3;6;21;-;12;13;9;5;7;10;15;16;21;15;4;15;7;4;11;13;14;3;3;9;13;5;19;2;6;7;4;2;6;24;13;6;10;15;769
"14_11";5;1;-;1;-;2;5;6;1;-;5;6;-;1;8;4;10;3;6;7;3;3;2;1;-;1;6;1;3;2;2;1;1;5;-;7;4;-;1;-;-;4;-;8;2;-;2;5;1;4;2;-;17;1;12;-;-;-;2;1;4;-;4;2;1;1;4;6;6;-;3;6;1;2;3;2;4;4;4;1;3;4;2;3;22;4;4;-;-;2;2;12;5;2;4;4;306
"15_11";-;1;-;-;1;1;-;1;-;-;-;-;3;1;7;3;-;1;2;-;-;3;-;-;-;3;2;-;1;1;-;-;3;9;2;1;2;-;-;-;1;-;-;3;1;-;1;3;-;1;-;-;1;1;1;-;-;-;1;-;4;-;1;3;-;-;-;-;5;-;1;2;-;1;1;-;1;2;5;2;-;3;1;1;2;2;2;-;-;2;-;6;-;-;2;3;114
"16_11";23;5;4;19;5;3;7;5;3;2;7;5;17;5;12;19;17;10;12;9;9;16;9;13;9;9;6;8;20;18;5;6;21;28;7;14;15;4;1;4;8;11;6;23;12;7;11;7;12;7;11;-;28;14;14;-;5;4;6;16;13;3;14;16;7;7;3;6;24;8;21;15;9;18;18;7;30;22;31;2;6;35;12;8;26;8;16;10;4;5;4;17;10;6;23;5;1082
"17_11";-;-;-;-;-;-;-;-;-;-;-;-;-;1;2;3;-;1;1;-;1;2;-;-;-;-;1;-;-;1;-;-;4;-;-;-;-;1;-;-;-;2;-;-;-;-;-;-;-;-;-;-;3;-;1;-;-;1;-;-;-;-;-;-;-;1;-;-;3;-;-;2;-;-;3;-;-;-;1;-;-;-;1;1;-;-;1;-;-;-;-;-;-;-;1;-;39
"Total";2110;824;1387;2925;3211;660;2019;1293;663;912;6287;1148;3330;831;1658;2576;6666;3715;9119;2325;1725;6777;4819;4107;4545;2482;2547;3267;3917;8994;2961;3623;2645;2913;5729;6516;5331;2337;633;1069;5370;8728;3649;2409;8459;3470;4505;1817;1278;2009;1913;133;2710;2149;2030;3414;553;2275;3561;3434;2229;2203;1678;4675;2539;2481;1265;2989;6050;1731;2342;2009;2377;4429;5035;2578;3850;9521;2725;553;761;2933;4196;1705;4246;4425;2783;1066;3599;1019;2116;3201;3135;2485;3170;2906;301467

