"Dia Mês da Notific";"Água Rasa";"Alto de Pinheiros";"Anhanguera";"Aricanduva";"Artur Alvim";"Barra Funda";"Bela Vista";"Belém";"Bom Retiro";"Brás";"Brasilândia";"Butantã";"Cachoeirinha";"Cambuci";"Campo Belo";"Campo Grande";"Campo Limpo";"Cangaíba";"Capão Redondo";"Carrão";"Casa Verde";"Cidade Ademar";"Cidade Dutra";"Cidade Líder";"Cidade Tiradentes";"Consolação";"Cursino";"Ermelino Matarazzo";"Freguesia do Ó";"Grajaú";"Guaianases";"Iguatemi";"Ipiranga";"Itaim Bibi";"Itaim Paulista";"Itaquera";"Jabaquara";"Jaçanã";"Jaguara";"Jaguaré";"Jaraguá";"Jardim Ângela";"Jardim Helena";"Jardim Paulista";"Jardim São Luís";"José Bonifácio";"Lajeado";"Lapa";"Liberdade";"Limão";"Mandaqui";"Marsilac";"Moema";"Mooca";"Morumbi";"Parelheiros";"Pari";"Parque do Carmo";"Pedreira";"Penha";"Perdizes";"Perus";"Pinheiros";"Pirituba";"Ponte Rasa";"Raposo Tavares";"República";"Rio Pequeno";"Sacomã";"Santa Cecília";"Santana";"Santo Amaro";"São Domingos";"São Lucas";"São Mateus";"São Miguel";"São Rafael";"Sapopemba";"Saúde";"Sé";"Socorro";"Tatuapé";"Tremembé";"Tucuruvi";"Vila Andrade";"Vila Curuçá";"Vila Formosa";"Vila Guilherme";"Vila Jacuí";"Vila Leopoldina";"Vila Maria";"Vila Mariana";"Vila Matilde";"Vila Medeiros";"Vila Prudente";"Vila Sônia";"Ign";"Localizado fora do MSP";"Total"
"20/01";-;-;-;-;-;-;-;-;-;-;-;-;-;-;-;-;-;-;-;-;-;-;-;-;-;-;-;-;-;-;-;-;-;-;-;-;-;-;-;-;-;-;1;-;-;-;-;-;-;-;-;-;-;-;-;-;-;-;-;-;-;-;-;-;-;-;-;-;-;-;-;-;-;-;-;-;-;-;-;-;-;-;-;-;-;-;-;-;-;-;-;-;-;-;-;-;-;-;1
"05/02";-;-;-;-;-;-;-;-;-;-;-;-;-;-;-;-;-;-;-;-;-;-;-;1;-;-;-;-;-;-;-;-;-;-;-;-;-;-;-;-;-;-;-;-;-;-;-;-;-;-;-;-;-;-;-;-;-;-;-;-;-;-;-;-;-;-;-;-;-;-;-;-;-;-;-;-;-;-;-;-;-;-;-;-;-;-;-;-;-;-;-;-;-;-;-;-;-;-;1
"15/02";-;-;-;-;-;-;-;-;-;-;1;-;-;-;-;-;-;-;-;-;-;-;-;-;-;-;-;-;-;-;-;-;-;-;-;-;-;-;-;-;-;-;-;-;-;-;-;-;-;-;-;-;-;-;-;-;-;-;-;-;-;-;-;-;-;-;-;-;-;-;-;-;-;-;-;-;-;-;-;-;-;-;-;-;-;-;-;-;-;-;-;-;-;-;-;-;-;-;1
"01/03";-;-;-;-;-;-;-;-;-;-;-;-;-;-;-;-;-;-;-;-;-;-;-;-;-;-;-;-;-;-;-;-;-;-;-;-;-;-;-;-;-;-;-;-;-;-;-;-;-;-;-;-;-;-;-;-;-;-;-;-;-;-;-;-;-;-;-;-;-;-;-;-;-;-;-;-;-;-;-;-;-;-;-;-;-;-;-;-;-;-;1;-;-;-;-;-;-;-;1
"06/03";-;-;-;-;-;-;-;-;-;-;-;-;-;-;-;-;-;-;-;-;-;1;-;-;-;-;-;-;-;-;-;-;-;-;-;-;-;-;-;-;-;-;-;-;-;-;-;-;-;-;-;-;-;-;-;-;-;-;-;-;-;-;-;-;-;-;-;-;-;-;-;-;-;-;-;-;-;-;-;-;-;-;1;-;-;-;-;-;-;-;-;-;-;-;-;-;-;-;2
"07/03";-;-;-;-;-;-;-;-;-;-;-;-;-;-;-;-;-;-;-;-;-;-;-;-;-;-;-;-;-;-;-;-;-;-;-;-;-;-;-;-;-;-;-;-;-;-;-;-;-;-;-;-;-;-;-;-;-;-;-;-;-;-;-;-;-;-;-;-;-;1;-;-;-;-;-;-;-;-;-;-;-;-;-;-;-;-;-;-;-;-;-;-;-;-;-;-;-;-;1
"11/03";-;-;-;-;-;-;-;-;-;-;-;-;-;-;-;-;-;-;-;-;-;-;-;-;-;-;-;-;-;-;-;-;-;-;-;-;-;-;-;-;-;-;-;-;-;-;-;-;-;-;-;-;-;-;-;-;-;-;-;-;-;-;-;-;-;-;-;-;-;-;-;-;-;-;-;-;-;-;-;-;-;-;-;-;-;-;-;-;-;-;-;-;-;-;-;-;2;-;2
"12/03";-;-;-;-;-;-;-;-;-;-;-;-;-;-;-;-;-;-;-;-;-;-;-;-;-;-;-;-;-;-;-;-;-;-;-;-;-;1;-;-;-;-;-;-;-;1;-;-;-;-;-;-;-;-;-;-;-;-;-;-;-;-;-;-;-;-;-;-;-;2;-;-;-;-;-;-;-;-;-;-;-;-;-;-;-;-;-;-;-;-;1;-;-;-;-;-;1;-;6
"13/03";-;-;-;-;-;-;1;-;-;-;-;-;-;-;-;-;-;-;-;-;-;-;-;-;1;-;-;-;-;-;-;-;-;-;-;-;-;-;-;-;-;-;-;1;-;-;-;-;-;-;-;-;-;-;-;-;-;-;-;-;-;-;-;-;-;-;-;-;-;-;-;-;-;-;-;-;-;-;-;-;-;-;-;-;-;-;-;-;-;-;-;-;-;-;-;-;3;1;7
"14/03";-;-;-;-;-;-;1;-;-;-;-;-;-;-;-;-;-;-;-;-;-;-;-;-;-;-;-;-;-;-;-;-;-;-;-;-;-;-;-;1;-;-;-;-;-;1;-;-;-;-;-;-;-;-;-;-;-;-;-;-;-;-;-;-;-;-;-;-;-;1;-;-;-;-;-;-;-;-;-;-;-;-;-;-;-;-;-;-;-;-;-;-;-;-;-;1;1;-;6
"15/03";-;-;-;-;-;-;-;-;-;-;1;-;-;1;-;-;-;-;-;1;-;-;-;-;-;-;-;1;-;-;-;-;-;1;-;-;-;-;-;-;-;-;-;-;-;-;-;-;-;-;-;-;-;-;-;-;-;-;-;-;-;-;-;-;-;-;-;-;-;-;-;-;-;-;-;-;-;-;-;-;-;-;-;-;-;-;-;-;-;-;-;-;-;-;-;-;1;1;7
"16/03";-;-;-;-;-;-;-;-;-;-;-;-;-;-;-;-;-;-;-;-;-;-;-;-;-;-;-;-;-;-;-;-;-;-;-;2;-;-;-;-;-;-;-;-;-;-;-;-;1;-;-;-;1;-;2;-;-;-;-;-;-;-;-;-;-;-;-;-;-;1;-;-;-;-;-;-;-;-;-;-;-;-;-;1;-;-;-;-;-;-;-;-;-;-;-;-;2;-;10
"17/03";-;-;-;-;-;-;2;-;-;-;-;-;-;-;-;-;-;-;-;-;1;-;-;-;-;-;-;-;-;-;-;-;-;-;-;3;-;-;-;-;-;-;-;-;-;-;-;1;-;-;-;-;-;-;-;-;-;-;-;1;-;-;-;-;-;-;-;-;-;1;-;-;-;-;-;1;-;-;-;-;-;-;-;-;-;-;-;-;-;-;-;-;-;-;1;-;2;1;14
"18/03";-;-;-;-;-;-;-;1;-;-;1;-;-;1;-;1;-;-;-;-;-;1;-;1;-;-;-;-;-;-;-;-;-;-;-;-;1;-;-;-;-;1;-;-;-;-;-;-;-;-;1;-;-;1;-;-;-;-;-;1;-;-;-;-;-;-;1;-;-;1;-;-;-;-;-;-;-;-;-;-;-;-;-;-;-;-;-;-;-;-;-;-;1;-;1;-;3;-;18
"19/03";-;-;-;-;2;-;1;-;-;-;-;-;-;-;-;-;-;-;1;-;1;-;-;2;-;1;-;-;1;-;-;-;-;-;-;2;-;-;-;-;-;-;-;-;-;-;-;-;-;-;-;-;1;-;-;-;-;-;-;-;1;-;-;1;2;-;-;-;-;3;-;-;-;-;-;-;-;1;2;-;-;-;-;-;1;1;1;-;-;-;-;1;-;-;-;-;3;-;29
"20/03";1;-;-;-;-;-;1;-;-;-;-;-;-;-;-;-;-;-;-;-;-;2;1;-;-;-;-;-;-;-;-;-;1;1;1;-;1;1;-;-;-;-;-;1;-;-;-;1;-;-;-;-;1;-;-;-;-;-;-;1;-;-;-;-;-;-;-;1;-;-;-;-;1;1;-;-;1;-;3;-;-;-;-;-;-;-;-;-;-;-;-;2;-;-;-;-;4;1;28
"21/03";-;-;-;1;-;-;-;-;-;-;-;-;-;-;-;-;-;-;-;-;-;1;-;-;-;-;1;-;-;-;1;-;-;-;1;-;4;-;-;-;-;-;-;-;-;-;-;-;-;-;-;-;-;-;-;-;-;-;-;1;-;-;-;-;-;-;-;-;1;-;-;-;1;-;-;-;-;-;-;-;-;-;1;-;1;-;-;-;-;-;1;1;-;-;-;1;1;-;18
"22/03";-;-;-;-;-;-;-;-;-;-;-;1;-;-;-;-;-;-;-;-;-;-;-;-;-;1;-;-;-;-;-;-;-;-;-;-;-;-;-;-;-;-;-;-;-;-;-;-;-;-;-;-;-;-;-;-;-;1;-;-;-;-;1;-;-;-;-;-;2;-;-;-;-;-;-;-;-;-;-;-;-;1;-;-;-;1;-;-;-;-;-;2;-;-;-;-;-;-;10
"23/03";2;-;1;-;3;-;1;-;-;-;-;-;-;-;-;-;-;1;-;1;-;2;-;2;-;-;1;-;-;-;-;1;1;1;1;5;2;2;-;-;-;1;-;-;-;-;1;-;1;-;1;-;1;-;-;-;-;1;-;1;-;-;-;-;3;-;-;-;2;-;1;1;-;1;1;2;-;3;-;-;-;-;1;-;2;-;-;-;1;-;1;3;-;1;-;-;3;1;61
"24/03";1;-;1;-;-;-;1;-;-;-;1;-;-;-;-;-;1;-;-;-;-;1;-;-;2;1;1;-;-;1;-;-;-;-;1;5;-;-;-;-;1;1;-;1;-;1;-;1;-;-;1;-;1;1;-;-;-;1;-;-;-;-;-;1;-;-;-;-;-;-;1;-;-;1;1;-;-;1;-;2;-;1;-;-;1;-;-;-;-;-;-;1;1;-;2;-;1;-;40
"25/03";-;-;-;-;4;-;-;-;-;-;1;-;1;-;-;-;-;-;1;1;-;1;-;-;-;1;-;-;-;2;2;-;-;-;-;5;3;1;-;-;-;-;-;-;-;-;1;-;-;-;-;-;1;-;-;1;-;1;1;-;-;-;-;1;-;-;-;1;-;-;3;1;-;2;1;1;-;1;1;-;-;-;2;1;1;-;-;1;-;-;-;2;1;-;2;-;2;3;55
"26/03";-;-;1;1;2;-;1;-;-;-;-;-;1;-;-;-;-;2;-;-;-;-;1;1;-;-;-;1;-;-;-;-;-;-;-;3;1;-;-;1;-;2;1;-;-;2;1;-;1;1;-;-;1;-;-;-;-;-;-;-;-;-;-;-;-;-;-;-;1;-;-;1;-;1;-;-;-;2;-;-;-;1;-;-;1;-;-;-;-;-;-;-;-;-;1;1;1;4;39
"27/03";-;4;1;1;3;-;3;-;1;-;3;1;1;-;2;4;3;3;1;-;1;4;-;5;2;3;4;1;1;3;2;2;3;10;5;2;5;1;-;-;1;5;-;10;2;1;3;1;2;2;1;-;14;1;8;2;1;-;3;3;4;-;9;3;4;1;2;2;6;5;-;4;1;-;2;2;1;2;3;1;1;2;1;1;9;1;1;-;2;3;1;2;2;1;2;1;51;53;331
"28/03";-;1;1;1;2;-;2;-;-;1;2;1;1;-;4;1;5;2;4;-;-;1;5;2;5;3;2;-;2;7;3;-;-;6;5;1;9;-;-;-;2;5;-;5;2;-;1;1;2;1;2;-;8;1;12;3;1;-;4;1;3;2;4;4;1;3;1;3;1;2;3;1;1;-;4;2;-;1;5;1;1;1;1;-;10;2;-;-;1;4;-;2;-;-;1;3;30;54;282
"29/03";-;-;-;2;-;1;-;1;-;-;-;-;-;-;2;1;1;3;-;3;1;1;-;-;-;1;-;1;-;1;-;1;-;3;1;2;3;-;-;-;-;-;-;6;3;1;1;-;2;-;-;-;8;-;5;1;-;-;-;1;-;1;4;-;-;-;-;-;-;2;-;-;1;3;1;-;-;2;1;-;1;1;3;-;6;-;-;-;-;1;-;2;1;2;-;6;20;23;138
"30/03";3;1;1;2;1;-;2;-;-;-;2;2;5;2;4;5;2;3;5;-;2;4;5;2;1;2;4;2;3;-;-;2;3;9;5;6;9;-;1;-;3;10;1;7;4;3;2;1;1;-;2;-;8;3;11;-;-;1;-;-;4;4;6;3;1;-;3;1;7;6;4;4;1;2;1;2;4;5;5;-;3;1;1;6;7;2;-;-;2;5;1;8;2;2;4;1;18;10;293
"31/03";1;2;-;1;2;-;8;1;-;-;1;3;5;-;2;3;2;2;8;4;2;4;3;2;6;1;3;1;4;2;5;-;2;1;4;3;6;2;-;-;4;3;1;4;3;5;1;1;2;-;5;-;5;-;26;-;-;4;4;2;5;2;3;2;1;3;-;2;8;1;6;-;-;5;3;1;1;8;3;1;1;4;2;-;13;-;-;1;-;1;1;4;2;-;-;6;10;15;281
"01/04";6;2;1;-;4;-;19;-;2;-;2;1;5;3;8;4;7;3;13;-;1;12;4;-;6;1;2;1;2;11;1;1;6;2;4;9;5;4;1;-;2;17;4;11;10;2;3;3;-;4;5;-;7;3;22;9;-;7;2;5;1;4;3;-;2;4;-;1;10;1;1;8;3;3;8;3;2;9;4;1;-;1;6;3;16;2;3;1;2;-;3;10;6;2;7;4;9;27;439
"02/04";-;-;-;1;3;1;5;2;-;1;4;-;6;-;3;-;5;3;9;1;1;6;2;14;6;2;2;1;4;7;2;6;3;3;4;8;4;1;1;2;4;11;1;5;4;6;6;-;2;3;2;-;6;-;14;1;-;2;4;6;6;-;4;3;3;4;-;2;7;1;5;3;3;3;6;2;9;7;7;-;-;3;3;1;5;-;3;-;1;-;3;8;9;2;2;3;17;16;351
"03/04";2;-;-;4;7;2;4;-;-;1;7;-;1;-;6;2;8;12;9;2;1;9;1;10;6;2;9;2;3;5;7;11;5;3;8;20;6;8;-;-;7;15;3;7;5;3;1;6;4;2;6;-;4;1;13;1;-;4;2;7;4;2;2;4;2;3;-;6;17;3;3;4;-;6;9;4;6;8;3;-;1;4;2;2;2;8;3;1;7;1;2;11;5;6;2;7;16;19;459
"04/04";-;1;2;1;1;2;3;1;1;1;3;1;3;-;2;1;4;5;7;1;-;3;1;1;3;2;-;1;2;4;4;7;5;5;4;5;2;3;-;1;4;3;2;3;2;2;3;5;4;2;3;-;8;1;9;1;2;4;4;4;-;-;1;-;2;1;1;-;8;-;3;1;3;1;5;-;10;6;5;1;-;-;1;1;4;2;3;1;1;1;2;9;2;1;-;1;2;10;248
"05/04";2;2;-;2;2;-;2;-;-;2;-;-;3;1;-;-;2;3;4;-;-;3;1;2;1;2;1;1;1;4;2;3;1;1;3;3;1;-;-;-;2;4;4;4;5;5;2;3;1;1;1;-;1;-;20;1;-;3;-;3;1;1;-;-;1;2;1;1;2;1;-;1;-;1;4;2;2;1;2;-;-;2;1;-;1;2;-;2;1;-;-;5;3;2;2;1;4;6;170
"06/04";3;2;4;6;7;-;9;2;3;-;6;1;4;6;1;4;8;5;14;5;1;7;3;7;18;3;7;3;5;12;7;18;5;3;6;22;9;7;1;2;6;22;4;9;11;9;10;2;2;4;4;-;6;4;11;5;2;9;1;8;4;4;6;4;2;4;-;4;22;3;11;4;3;11;8;9;16;25;8;1;1;6;9;4;4;6;2;1;4;4;-;10;10;3;10;3;2;34;627
"07/04";5;5;2;1;4;1;12;1;1;1;9;1;5;2;2;2;11;5;20;6;5;11;5;12;15;8;1;3;7;7;7;12;3;8;17;15;11;7;-;1;4;15;5;11;15;8;11;5;9;4;8;-;9;4;9;8;2;17;6;6;3;2;7;4;2;8;3;4;11;4;4;3;1;7;7;1;18;15;11;1;1;2;8;6;9;8;5;1;4;3;4;11;6;1;5;2;14;33;646
"08/04";3;3;1;4;10;-;7;3;2;1;6;-;4;-;4;3;15;8;23;3;3;5;8;7;15;9;3;4;2;9;6;9;5;7;18;20;7;7;1;1;4;18;5;10;10;7;16;3;6;4;8;-;4;4;17;5;-;7;3;11;8;2;9;5;4;2;5;10;14;3;10;7;1;7;8;5;8;11;7;-;1;3;5;5;13;7;3;1;2;-;4;13;8;11;5;6;19;29;649
"09/04";3;-;2;3;3;-;16;1;-;1;8;1;2;-;5;5;9;15;17;3;1;4;8;9;13;-;4;1;2;5;4;9;8;3;11;24;10;7;2;3;5;11;4;6;5;7;4;4;1;3;2;-;3;4;9;5;1;8;1;9;6;1;1;3;9;7;2;5;10;5;3;3;2;6;8;3;6;13;4;1;2;5;5;5;9;4;1;-;4;1;3;12;8;4;6;6;15;20;522
"10/04";1;3;2;3;3;1;1;1;-;1;4;2;3;1;2;2;6;2;9;1;3;1;3;1;7;3;2;3;-;3;5;2;1;9;5;2;5;4;-;4;1;4;1;4;2;3;2;1;2;2;4;-;6;2;6;-;1;-;1;7;2;1;1;-;2;3;3;1;7;3;3;-;-;1;6;-;1;4;3;-;-;-;4;1;7;4;1;1;4;3;4;7;4;4;6;1;12;14;278
"11/04";1;1;1;5;4;-;3;-;-;1;1;1;1;-;-;1;1;5;5;4;-;5;-;5;5;1;2;1;-;7;3;6;2;7;3;9;2;3;-;1;1;1;-;5;6;2;3;3;1;1;4;-;3;1;21;1;1;3;2;7;1;1;1;-;2;2;-;1;10;1;3;3;3;6;4;2;6;9;-;-;-;2;3;-;5;3;-;-;1;-;2;6;4;5;1;2;3;11;266
"12/04";-;-;-;-;5;-;1;-;-;-;2;-;3;-;-;-;4;4;6;1;1;1;-;2;8;-;1;-;1;5;-;6;2;1;4;3;-;2;-;-;1;2;-;-;4;-;1;-;3;1;2;-;-;1;2;1;-;-;1;3;-;2;1;-;2;2;1;2;5;-;2;-;-;1;2;2;3;5;1;-;-;1;4;-;-;2;-;-;-;-;-;1;4;1;2;2;11;4;148
"13/04";3;4;2;6;9;3;14;2;-;2;12;1;10;-;-;6;10;19;20;2;-;15;6;13;30;2;2;3;4;14;7;24;6;6;16;26;12;6;5;1;8;29;7;11;14;17;9;4;1;4;8;-;7;5;11;7;1;5;2;12;5;4;5;4;5;9;4;9;22;8;4;5;4;13;9;2;15;24;11;2;1;2;9;-;9;8;3;-;8;2;1;10;15;8;7;2;23;37;794
"14/04";3;2;2;5;8;1;11;5;-;-;16;2;11;1;3;2;18;14;11;3;4;13;12;12;13;5;1;4;7;20;5;21;7;17;26;26;15;2;3;-;8;32;7;6;16;7;6;5;4;8;5;-;9;7;10;8;1;7;4;15;2;3;8;5;6;11;4;2;15;1;2;4;3;8;6;6;13;24;10;2;2;8;7;2;9;5;4;-;3;-;4;11;8;5;4;6;29;33;771
"15/04";4;1;1;3;16;1;12;7;1;7;15;3;16;3;6;4;11;14;24;4;3;12;6;12;12;3;3;3;8;27;5;20;4;6;5;42;10;8;-;2;2;23;9;5;14;12;9;-;3;4;4;-;5;4;5;9;3;9;5;6;5;1;6;7;7;7;-;4;22;3;6;4;3;5;13;2;23;19;7;-;3;7;11;3;10;8;7;-;3;9;8;8;15;2;5;12;18;28;776
"16/04";4;-;2;4;8;1;14;2;4;-;17;3;9;2;3;-;17;9;15;3;3;19;11;3;16;2;5;7;7;18;9;17;3;3;10;29;15;7;1;1;9;14;5;11;16;7;8;-;5;2;5;1;5;4;14;6;2;8;4;3;5;5;6;3;4;9;7;4;20;3;3;4;3;7;8;4;18;20;8;3;2;6;10;2;15;9;4;2;10;-;7;7;3;4;4;12;28;46;747
"17/04";7;2;1;2;9;-;2;6;1;1;31;3;5;4;2;8;10;13;23;3;2;11;10;7;13;6;5;6;6;9;9;10;5;10;13;24;6;3;1;2;8;23;4;6;9;10;5;1;8;6;4;-;6;3;15;6;1;5;7;3;22;-;6;4;6;4;4;5;18;2;4;7;3;8;11;3;8;29;6;3;1;8;12;4;11;11;6;1;4;1;6;12;13;4;6;15;27;22;738
"18/04";-;2;2;2;4;-;3;-;1;-;6;-;6;1;1;2;7;5;7;3;1;8;2;6;9;4;-;1;6;6;2;8;1;5;7;5;7;4;2;2;3;17;5;4;7;4;4;2;1;2;3;-;1;1;6;4;-;5;1;2;-;5;9;2;4;4;1;3;7;2;-;4;-;1;6;2;5;10;3;2;1;3;3;-;2;4;-;-;3;3;3;5;5;3;4;2;19;20;360
"19/04";-;-;-;-;3;-;-;1;-;-;1;-;5;-;1;1;7;5;4;1;1;2;2;2;2;1;-;-;3;10;2;1;-;1;3;2;2;2;-;-;-;16;3;-;6;-;-;-;2;1;1;-;1;1;-;1;-;-;6;2;-;2;-;2;-;6;3;-;6;-;1;-;2;4;3;1;6;8;1;1;-;1;1;-;5;-;-;-;2;1;-;6;-;-;1;2;9;6;185
"20/04";5;3;2;7;6;1;11;2;3;2;11;4;10;1;6;4;16;11;24;5;2;15;8;7;8;6;4;8;4;14;1;16;9;5;7;21;15;8;3;2;5;30;4;6;24;9;10;2;3;1;5;1;12;8;11;10;-;5;7;3;11;3;3;3;2;14;4;7;12;4;5;3;2;7;12;3;7;11;7;5;3;7;11;5;21;5;2;-;4;2;5;7;15;4;4;9;40;38;760
"21/04";3;-;1;5;7;-;3;1;2;-;5;-;4;2;-;2;7;5;14;1;4;4;10;8;3;2;-;2;2;14;2;4;4;2;6;15;7;5;-;-;4;20;3;3;12;4;-;1;4;-;4;-;1;2;3;4;-;2;2;5;3;-;3;3;2;1;1;2;7;1;1;1;-;4;2;3;9;7;7;3;1;1;2;1;8;4;2;-;1;-;6;3;6;1;2;6;14;14;362
"22/04";3;-;3;7;8;-;8;4;-;1;20;-;9;2;1;5;18;15;31;1;2;10;7;3;11;6;5;5;3;20;6;7;2;3;16;27;9;8;-;1;8;21;6;3;15;8;7;1;3;2;3;-;4;2;4;5;1;6;8;6;4;3;1;3;2;5;1;7;12;2;1;3;-;3;8;3;14;24;4;2;-;5;3;3;19;9;4;1;6;2;2;1;13;3;2;7;16;15;613
"23/04";5;1;-;5;10;2;7;2;1;3;13;3;5;1;2;4;14;12;17;1;3;11;12;5;18;-;7;4;10;18;6;14;1;3;13;16;14;5;2;2;3;17;9;6;18;15;13;3;-;5;5;1;6;3;6;10;1;2;6;14;7;3;5;10;3;14;3;3;25;3;6;3;3;8;12;4;10;16;7;2;2;3;11;6;17;7;4;3;7;3;-;8;14;4;4;9;27;46;737
"24/04";13;2;1;11;12;4;19;11;1;1;23;3;5;2;6;9;35;22;30;7;4;22;18;8;31;7;10;13;10;21;10;21;7;15;21;25;25;21;3;4;7;33;13;13;25;27;17;4;6;7;7;1;14;12;21;12;2;11;10;12;11;6;4;10;10;8;5;16;37;10;8;11;8;14;13;7;14;22;17;1;1;9;11;11;25;10;10;2;12;7;5;21;18;10;9;15;42;57;1274
"25/04";1;4;1;4;10;3;3;4;-;-;5;1;3;1;2;3;9;7;20;3;1;7;15;4;10;2;1;9;9;30;5;8;6;3;6;19;9;1;-;6;3;28;3;4;18;6;7;2;8;3;2;-;4;3;5;8;-;2;10;3;7;5;2;2;3;9;3;3;18;3;5;3;2;7;4;2;7;14;22;-;1;4;5;2;8;7;2;4;3;1;4;4;8;5;3;5;12;31;584
"26/04";2;-;1;3;4;1;3;-;1;-;5;-;4;2;-;1;6;8;11;1;1;9;2;9;2;-;1;4;-;13;2;2;3;3;9;14;8;2;-;-;1;19;4;1;15;3;7;-;2;1;2;-;4;1;2;4;-;2;4;-;1;6;1;2;4;4;2;1;10;4;3;1;1;2;3;2;4;11;2;1;1;3;4;3;2;3;2;1;6;-;4;4;4;1;4;3;12;14;345
"27/04";12;2;4;9;19;3;8;1;1;3;30;3;18;4;4;16;31;25;70;10;3;15;13;16;29;10;4;8;8;35;11;15;18;12;26;27;22;10;1;7;16;40;10;14;44;22;15;8;7;4;5;-;8;8;31;7;2;15;15;13;5;4;14;9;4;17;10;9;36;9;2;6;6;16;19;11;12;32;13;6;2;5;13;6;37;9;7;3;13;6;6;16;14;5;11;17;47;61;1365
"28/04";3;9;7;5;14;7;8;4;1;3;25;1;19;2;17;10;26;11;36;5;1;25;14;19;18;14;9;7;12;29;11;19;12;43;21;28;23;14;1;3;10;50;9;34;43;17;12;7;12;7;6;-;24;9;22;13;1;17;15;11;25;11;23;9;7;15;4;6;27;8;11;14;4;19;19;8;16;33;12;1;4;22;19;3;40;14;10;3;10;11;3;31;15;7;11;13;52;67;1462
"29/04";6;11;3;7;23;2;7;6;3;2;35;7;16;3;7;12;27;12;52;5;5;15;17;7;15;12;11;13;10;33;6;15;15;25;12;26;21;13;1;5;14;54;13;24;38;14;17;14;7;4;6;2;26;6;29;13;1;12;18;10;12;4;18;11;8;16;5;20;23;15;9;15;7;16;20;7;16;12;20;3;3;5;21;4;20;11;4;2;9;6;7;24;19;5;7;15;50;64;1378
"30/04";4;2;3;4;14;4;10;7;3;2;27;4;13;1;7;11;17;15;34;6;2;28;24;17;9;4;13;8;11;40;6;13;5;14;28;29;21;12;1;4;12;38;12;8;23;6;19;9;9;4;5;1;13;5;11;13;-;12;15;9;9;5;10;9;5;17;7;9;28;8;5;9;3;12;14;5;16;24;8;2;3;7;21;7;15;15;6;1;15;2;8;19;15;8;2;10;75;70;1205
"01/05";4;-;1;3;3;2;4;2;3;2;12;1;10;1;8;7;13;9;18;5;-;12;16;7;6;4;4;8;6;28;5;8;6;6;11;10;8;2;1;2;7;49;3;7;19;4;8;5;3;7;3;-;5;-;13;3;-;4;7;12;8;4;8;2;3;7;-;7;8;12;3;6;2;2;7;4;7;11;5;2;1;4;1;2;21;3;1;1;5;3;5;9;9;1;7;7;18;28;651
"02/05";1;6;-;1;5;-;6;3;1;2;8;3;8;1;5;1;10;9;16;1;4;9;4;7;3;6;4;7;6;24;3;5;3;18;6;20;12;2;-;-;1;33;2;16;23;8;5;5;3;-;2;-;11;6;17;2;-;5;8;6;9;1;8;3;1;3;1;8;12;5;3;5;6;3;9;3;4;9;11;-;4;4;8;2;8;4;5;-;2;5;2;19;3;2;2;5;14;46;622
"03/05";3;1;-;-;5;-;-;1;1;2;13;2;2;1;1;3;8;5;20;3;-;7;5;6;5;-;1;2;6;18;2;5;1;-;6;14;6;4;-;-;3;37;3;-;15;1;3;3;-;1;4;-;5;2;-;9;-;4;4;2;2;2;-;2;2;4;-;3;13;-;1;3;1;1;6;-;5;12;3;1;1;2;2;2;10;2;2;3;2;1;1;3;8;-;4;2;10;18;389
"04/05";10;7;8;7;20;5;11;3;6;1;32;3;16;9;15;21;38;15;44;8;6;33;23;18;26;10;11;17;13;66;8;22;19;13;18;40;29;13;2;2;16;53;13;11;36;17;26;3;12;9;3;-;8;6;19;20;3;8;20;12;10;9;11;11;6;15;6;18;29;4;7;20;6;23;15;13;17;34;17;3;2;12;19;7;26;13;9;2;18;10;12;20;19;10;14;17;33;69;1549
"05/05";4;6;1;7;11;4;10;7;1;2;25;4;12;6;9;12;30;36;45;7;5;34;19;19;16;8;9;25;10;64;10;19;11;27;21;32;32;12;2;3;18;43;14;18;40;12;22;9;10;9;3;1;5;8;10;18;4;11;22;11;8;7;17;24;6;25;4;15;23;10;9;21;6;10;9;5;14;30;15;2;4;13;14;3;30;14;8;5;9;4;6;19;16;5;8;13;42;71;1449
"06/05";7;11;4;8;24;5;10;5;1;3;29;2;13;8;8;15;29;23;38;3;2;33;23;17;21;8;9;16;12;47;9;12;16;17;26;43;33;7;-;9;19;63;10;15;41;11;18;4;7;7;4;1;14;9;21;23;5;7;24;7;13;13;9;21;7;9;7;8;29;5;10;14;6;13;26;9;17;28;8;5;4;15;18;12;32;21;10;4;12;5;7;26;19;17;13;20;56;65;1529
"07/05";8;6;3;9;19;3;11;2;4;3;24;3;16;8;6;10;34;11;42;9;3;36;15;5;21;4;13;10;13;39;11;11;5;13;22;26;33;14;5;2;10;56;13;10;60;13;26;5;13;4;4;1;15;8;19;16;2;18;22;6;7;4;7;17;5;12;8;12;23;4;8;18;4;5;14;6;10;33;12;8;6;8;17;5;20;12;11;1;9;3;13;20;11;4;5;9;47;80;1351
"08/05";7;4;2;4;18;3;9;4;-;3;20;3;11;4;6;11;12;12;46;6;7;30;18;11;22;6;13;16;8;35;14;6;5;13;14;35;28;8;1;-;9;58;9;11;39;5;17;5;9;6;3;-;10;7;16;19;1;10;20;13;7;6;6;10;6;14;1;6;29;8;3;14;6;9;17;7;19;34;12;2;6;15;16;7;30;11;8;2;7;6;5;11;26;15;12;15;59;66;1275
"09/05";2;2;4;5;10;1;4;4;-;4;10;-;4;2;7;11;15;10;15;5;4;18;5;8;13;8;2;8;3;29;2;6;4;6;8;16;5;4;-;3;3;24;-;7;14;6;11;-;5;1;5;1;7;2;13;6;4;3;13;11;2;1;3;10;2;6;1;5;17;6;5;4;1;5;4;3;5;19;3;-;3;2;10;2;21;2;3;-;10;-;4;11;8;6;4;5;15;28;639
"10/05";1;-;4;3;9;1;-;1;-;-;8;-;1;-;-;4;6;6;20;2;1;4;7;3;3;-;3;6;7;27;2;4;2;1;10;7;5;-;1;1;3;19;3;2;17;3;5;2;2;1;4;-;3;2;4;5;-;2;7;4;1;3;1;1;4;4;1;3;2;1;1;1;1;4;8;1;4;13;4;-;4;-;4;-;6;5;1;-;2;-;5;-;2;1;2;3;5;15;361
"11/05";6;5;2;6;26;2;-;4;-;1;12;-;12;4;3;5;19;15;38;1;2;18;23;7;20;3;7;16;6;50;8;11;8;16;21;21;22;11;2;3;9;27;9;9;21;8;8;5;2;8;3;1;9;7;13;17;1;5;19;8;6;2;1;8;11;17;2;12;22;4;4;4;1;2;12;8;12;17;6;2;3;8;13;5;26;7;5;3;16;3;8;17;10;9;9;9;2;30;961
"12/05";7;3;4;10;27;3;13;5;1;2;36;3;11;3;13;6;34;23;52;9;5;46;48;14;40;6;17;17;14;78;23;19;18;19;29;43;54;19;6;7;13;47;15;23;46;18;27;6;10;9;12;-;32;12;22;25;-;15;30;9;19;14;12;22;12;22;8;21;43;15;12;18;8;18;22;9;21;41;20;4;2;19;22;10;49;26;9;3;15;5;22;25;21;7;21;25;5;84;1889
"13/05";5;10;5;12;25;5;8;10;4;3;36;10;19;1;4;14;44;17;70;7;11;47;29;25;32;2;20;13;24;64;13;13;14;13;48;49;32;17;2;5;13;50;21;18;45;21;29;11;10;7;7;1;17;12;26;19;1;14;17;24;12;13;9;10;8;17;8;27;52;6;10;10;6;12;29;17;28;48;27;2;2;14;31;16;48;30;12;5;15;4;8;23;21;4;14;17;1;52;1813
"14/05";12;14;7;18;29;4;8;4;8;2;37;14;20;9;11;10;49;18;54;9;9;42;31;18;35;23;15;30;20;75;11;28;11;55;44;51;44;9;6;9;15;63;18;32;33;19;28;5;6;12;6;1;26;23;31;20;11;9;36;22;27;9;22;16;6;26;6;23;37;14;12;13;10;27;27;14;15;44;17;2;5;15;24;12;76;16;9;6;27;13;4;37;10;16;16;25;13;60;2070
"15/05";10;7;6;12;21;5;11;1;2;3;50;3;19;1;5;12;30;22;62;12;7;35;35;19;27;18;19;18;22;45;21;25;18;11;29;48;39;8;4;9;14;54;22;13;36;25;26;8;8;12;12;1;16;10;23;18;2;13;19;16;10;11;7;17;15;28;6;22;32;6;7;13;8;12;18;17;33;40;14;2;3;7;33;8;30;23;8;4;25;4;8;22;21;18;15;28;5;30;1709
"16/05";4;5;4;20;14;-;5;3;6;-;11;4;11;-;2;11;19;10;11;9;1;19;27;9;10;3;13;8;12;40;8;12;6;5;23;24;10;5;2;8;8;31;12;12;24;11;8;4;2;6;1;1;5;6;7;15;-;2;14;9;4;3;6;6;9;11;6;4;15;3;7;12;2;4;11;9;14;14;7;-;-;9;14;3;22;10;3;5;11;7;8;7;7;3;3;9;6;12;858
"17/05";1;-;2;2;7;-;-;1;-;-;5;-;4;-;1;1;13;6;21;2;-;9;6;11;12;3;5;1;4;20;1;10;5;-;7;6;7;4;-;-;4;14;7;2;15;3;1;2;2;2;3;-;-;1;4;8;1;3;5;9;-;6;2;4;3;7;1;-;4;-;2;2;2;3;7;1;10;14;5;-;1;-;1;3;15;5;1;1;4;-;5;4;2;5;2;3;3;22;413
"18/05";7;11;7;16;30;4;10;10;1;4;63;3;20;6;10;21;35;26;50;5;9;60;34;29;50;21;19;30;18;69;34;25;14;25;40;57;59;16;2;6;30;39;20;24;57;19;39;6;7;14;12;1;28;16;27;17;-;8;16;24;17;15;15;22;27;22;6;24;35;13;4;11;13;30;34;11;30;45;14;4;4;9;30;6;67;27;14;10;25;3;19;25;30;20;16;16;16;28;2117
"19/05";24;11;12;18;23;5;16;6;6;3;56;23;21;3;7;22;47;27;63;17;8;44;25;31;42;27;26;24;23;102;23;29;18;32;38;49;76;13;5;8;55;77;28;22;55;23;34;19;9;12;14;-;33;13;33;23;3;20;31;19;22;16;13;26;26;25;13;24;40;14;7;19;32;20;32;18;28;79;19;5;9;32;27;6;40;35;19;8;18;3;12;36;11;14;24;30;13;48;2439
"20/05";10;3;7;12;26;5;5;10;7;-;33;5;23;3;11;12;42;22;59;13;11;47;42;25;34;31;14;23;14;78;18;21;10;31;38;42;81;13;4;16;32;60;20;12;72;17;26;11;10;17;6;-;18;7;17;37;3;15;25;22;14;18;9;24;17;23;2;28;36;8;8;13;15;10;28;15;27;54;13;1;4;10;25;10;46;24;8;8;33;7;12;15;10;16;19;19;29;26;2012
"21/05";7;6;7;11;39;3;14;21;7;10;33;9;14;5;5;10;53;31;93;8;9;61;35;20;34;49;17;27;11;83;18;20;14;30;36;41;62;16;4;15;29;73;17;11;71;18;30;6;6;9;2;-;14;5;12;51;-;15;24;18;7;16;4;27;15;21;8;25;19;12;12;13;37;30;33;15;25;42;16;2;4;10;37;8;42;19;8;10;33;5;16;18;20;10;16;20;27;37;2118
"22/05";8;5;17;14;27;7;10;7;5;8;56;9;21;9;11;21;45;44;75;5;7;42;30;17;30;22;20;26;22;86;36;33;15;18;47;59;64;18;3;12;45;97;27;24;74;30;38;15;9;9;8;2;23;5;25;20;5;18;22;22;12;20;7;29;14;8;7;28;30;10;14;17;22;30;37;18;31;55;20;-;6;9;33;4;75;28;12;3;35;8;19;36;19;25;20;29;26;53;2378
"23/05";1;4;3;2;17;3;7;3;3;-;11;4;8;1;8;11;23;14;35;9;6;17;23;15;14;8;5;5;13;47;12;15;15;10;19;22;33;6;3;2;19;47;22;16;48;8;6;5;3;3;3;-;14;7;12;7;6;3;15;21;10;9;5;15;7;5;7;11;26;4;5;7;6;8;14;4;17;16;2;3;-;5;11;4;27;12;1;2;16;6;9;27;11;7;6;11;17;16;1091
"24/05";5;1;3;5;13;2;1;2;3;1;9;2;8;1;2;3;14;15;30;-;1;9;8;9;5;2;2;8;2;18;9;12;2;6;8;13;11;4;-;4;8;34;6;4;23;7;5;2;1;4;4;1;1;2;-;6;1;6;5;5;2;9;1;5;7;1;1;1;7;-;1;1;2;5;12;3;12;12;5;-;2;4;4;4;9;9;3;1;6;1;5;8;10;11;1;2;6;7;558
"25/05";9;7;7;19;28;2;7;17;4;6;53;7;19;5;13;7;61;41;93;9;11;55;45;30;43;15;21;23;23;76;22;44;20;21;35;50;93;19;6;3;47;104;21;12;86;17;25;12;3;6;6;1;15;10;13;23;3;29;33;35;12;20;8;28;8;19;7;24;39;21;3;27;16;29;32;11;31;66;19;3;6;18;41;9;63;42;15;4;29;7;9;22;17;14;11;22;21;37;2380
"26/05";8;7;8;14;17;2;28;10;5;4;57;15;26;8;12;14;50;18;79;19;11;56;46;35;28;13;14;20;30;79;35;33;20;13;47;63;51;21;6;3;43;92;29;23;73;27;24;8;11;11;8;1;25;11;13;29;2;24;35;24;12;36;11;36;19;22;17;35;60;23;4;15;23;26;28;26;29;71;17;8;8;17;45;5;49;41;24;5;36;8;11;25;18;17;17;33;30;66;2511
"27/05";9;9;19;20;38;6;18;18;4;6;79;15;16;8;15;34;95;42;104;16;17;76;66;40;36;221;26;29;28;83;26;47;31;22;39;82;65;35;4;8;37;94;30;27;89;33;38;21;11;15;10;3;42;25;20;31;6;24;35;45;20;23;10;43;30;33;8;29;63;8;21;29;22;35;33;16;45;64;30;9;5;25;42;9;48;35;18;6;42;11;18;32;46;24;22;28;41;59;3270
"28/05";19;6;7;14;24;6;18;13;1;2;50;18;14;6;13;16;92;22;95;12;10;90;42;40;43;72;20;15;22;122;21;53;26;23;36;75;47;24;3;12;51;124;27;21;92;33;41;9;15;16;12;1;30;38;34;47;3;41;37;18;11;21;18;38;14;32;8;31;65;15;16;18;28;31;36;26;41;100;18;4;13;38;34;7;65;47;27;4;34;6;11;31;19;13;33;30;57;54;3028
"29/05";23;5;7;21;28;13;15;14;7;11;64;10;14;2;6;25;74;29;100;17;10;65;50;33;51;73;35;23;27;111;25;39;31;43;41;54;48;24;4;15;42;84;35;23;67;24;40;11;8;12;9;1;185;9;29;39;5;19;38;26;10;17;17;33;18;23;8;34;74;12;16;20;16;30;36;21;32;87;20;2;7;25;46;14;51;38;18;4;32;11;10;51;31;18;29;32;35;64;3035
"30/05";6;2;6;16;16;3;9;6;5;4;11;7;11;2;4;7;38;20;41;9;6;20;21;19;15;5;9;16;12;31;16;25;5;16;16;30;16;4;-;-;15;65;15;9;44;16;14;3;8;6;9;-;12;10;6;12;1;9;9;15;8;19;6;18;11;14;5;10;27;6;7;9;5;14;19;4;23;36;15;1;2;8;14;1;20;11;5;2;12;1;4;17;10;7;16;9;14;26;1219
"31/05";2;1;3;7;7;1;4;1;-;-;9;5;9;4;2;7;22;10;41;1;2;9;15;10;13;1;7;4;4;23;6;20;6;1;11;16;16;7;1;3;9;31;12;6;39;7;7;2;2;4;1;-;2;7;6;10;1;5;8;8;2;7;7;6;9;-;-;7;20;4;4;8;4;8;16;5;8;19;7;1;2;7;9;3;22;4;10;5;3;4;6;10;8;9;9;9;10;24;774
"01/06";11;5;11;32;34;5;17;19;3;23;70;9;32;7;16;24;102;32;132;15;12;92;83;57;70;9;48;45;29;148;34;57;29;26;46;83;63;25;13;16;71;124;33;13;127;33;84;9;16;15;20;2;47;21;20;52;7;30;43;31;11;20;8;58;24;26;8;31;60;16;16;14;20;51;47;23;40;131;37;7;8;38;35;13;41;47;37;13;51;3;23;29;22;32;32;35;118;54;3661
"02/06";22;13;17;38;34;8;16;16;5;2;58;9;28;6;16;24;68;39;92;24;11;75;54;44;74;11;41;27;54;104;42;48;23;18;38;58;63;19;6;12;49;88;23;12;84;39;47;12;13;16;19;-;20;26;11;46;5;33;35;38;16;15;9;42;25;24;7;34;68;9;9;10;25;51;42;23;47;100;22;9;4;24;51;7;37;40;17;7;43;12;19;34;25;25;44;32;111;58;3150
"03/06";20;5;24;31;37;8;9;18;7;6;51;8;38;8;16;12;84;39;122;12;12;63;55;32;56;21;27;39;29;90;32;32;26;20;47;68;43;21;4;12;62;87;25;10;88;35;48;9;6;13;16;4;12;20;18;39;4;40;41;34;10;23;7;49;18;29;5;27;50;13;15;15;12;43;52;30;32;104;22;6;6;20;40;16;33;63;26;4;30;8;21;23;32;24;28;28;82;58;2999
"04/06";17;5;13;50;24;7;11;9;7;9;49;9;16;6;12;20;58;35;83;23;10;47;41;46;53;19;20;18;38;103;31;39;22;22;41;48;54;25;8;10;34;114;34;11;84;27;33;10;8;13;20;2;19;22;7;43;5;27;43;15;16;14;5;48;12;27;18;28;66;8;13;11;31;40;31;21;34;101;17;2;3;27;36;11;37;37;33;11;32;9;20;22;29;17;23;27;62;63;2771
"05/06";13;3;13;19;26;6;6;7;2;7;50;7;29;3;11;16;57;28;86;18;8;58;40;37;38;123;27;19;30;81;39;32;13;29;49;102;47;12;1;8;39;94;18;16;64;33;32;14;16;8;18;2;28;22;8;36;2;20;35;30;6;12;8;54;12;16;13;23;57;11;16;16;18;47;38;19;27;81;18;4;4;32;45;11;14;36;11;15;34;4;10;20;21;25;22;24;53;58;2670
"06/06";5;2;6;17;17;-;1;3;2;3;12;3;7;3;6;7;33;19;26;10;7;29;15;11;24;2;11;8;10;64;17;21;5;2;19;36;14;-;1;3;24;39;18;7;33;7;10;5;1;4;7;-;5;11;3;16;-;3;20;17;3;10;1;15;10;10;-;9;28;1;8;4;8;9;23;7;13;25;10;-;4;9;9;3;13;7;8;5;12;4;6;9;21;11;12;6;22;28;1094
"07/06";5;-;6;-;19;-;3;-;-;1;12;3;13;2;7;4;13;5;10;3;2;7;15;17;8;-;1;9;8;21;6;7;6;3;17;21;14;5;1;3;7;24;15;3;15;5;7;2;2;2;2;-;-;2;3;12;-;6;7;8;4;10;2;5;6;6;2;3;8;3;3;9;5;6;10;5;-;5;5;2;2;7;12;2;8;17;3;3;14;-;5;6;9;10;6;2;13;19;636
"08/06";24;9;17;36;33;3;13;15;2;10;67;9;54;5;15;18;112;39;100;27;17;67;66;44;69;22;29;47;25;128;38;70;24;26;90;80;52;19;3;7;50;116;23;15;93;37;69;12;9;19;17;-;22;19;20;54;4;37;50;46;7;30;20;52;21;24;5;35;66;17;16;27;20;55;74;29;57;111;10;7;5;24;42;11;35;56;22;10;39;12;27;25;36;28;33;37;55;64;3487
"09/06";18;7;25;40;26;2;15;10;3;13;69;11;35;9;16;19;75;52;96;27;24;59;42;44;61;45;23;26;42;97;30;46;33;30;47;76;56;18;9;8;76;83;36;26;103;41;60;8;14;23;16;1;21;11;10;54;7;17;36;43;16;18;20;38;27;27;9;39;65;15;18;25;22;34;54;21;33;110;31;4;8;37;40;11;37;55;34;13;41;10;20;42;28;21;34;27;55;76;3285
"10/06";17;4;17;23;35;3;22;12;5;3;67;4;49;6;11;15;76;43;104;14;18;48;46;48;63;50;22;25;34;114;21;43;26;34;58;55;52;40;11;5;65;105;22;11;86;36;51;13;7;23;22;-;27;9;9;34;7;17;38;32;14;10;6;56;19;25;16;26;61;10;19;19;16;46;35;15;42;101;16;3;8;15;32;12;28;32;13;6;30;8;15;12;38;22;31;25;39;59;2937
"11/06";20;2;21;23;23;4;8;15;2;8;76;7;35;4;14;9;78;25;116;17;17;60;59;50;54;71;18;33;32;100;17;38;38;11;53;69;37;35;6;6;49;103;33;12;93;16;37;9;7;23;14;3;16;18;8;65;13;14;41;31;16;30;11;39;19;20;5;32;46;10;15;12;39;47;50;20;36;81;13;-;5;31;43;20;31;38;18;5;33;8;14;27;36;37;21;32;88;55;2999
"12/06";16;2;16;23;35;4;18;6;21;8;68;11;31;9;19;15;56;29;87;16;18;84;45;52;33;105;20;24;32;105;24;45;16;20;67;79;45;20;7;16;73;73;24;13;79;28;42;11;17;27;10;1;28;18;10;42;10;31;46;27;12;9;9;46;20;30;8;33;59;13;14;8;16;57;54;21;39;85;26;15;6;20;48;28;38;56;24;15;34;7;21;34;28;30;29;38;51;57;3095
"13/06";5;2;13;16;12;2;8;3;1;2;15;8;16;5;5;12;15;28;32;7;5;37;24;17;27;8;13;12;16;44;19;19;4;9;47;20;21;12;5;6;20;67;15;4;50;18;25;5;1;12;6;-;5;5;5;15;4;9;17;11;7;4;5;10;19;7;1;7;23;4;13;8;14;21;24;12;21;38;10;5;4;11;25;8;10;10;17;4;32;5;14;11;17;13;13;14;43;29;1399
"14/06";2;4;6;4;8;-;5;3;1;1;9;2;14;4;2;2;11;6;25;1;1;9;18;9;11;4;3;5;3;26;9;11;6;2;20;19;6;4;1;5;6;31;3;3;32;9;8;13;3;3;3;-;2;5;3;10;-;5;6;7;4;3;5;8;3;2;3;3;20;5;4;3;7;3;20;2;8;21;8;1;-;3;3;2;1;16;3;4;4;-;12;3;6;9;7;7;7;18;672
"15/06";34;12;17;47;49;6;9;30;15;8;82;24;48;12;20;19;92;64;100;50;24;80;103;56;63;55;39;54;50;139;34;54;39;20;66;112;56;38;8;17;82;123;64;16;111;49;51;22;11;33;44;3;29;40;20;49;13;34;39;68;31;29;21;94;54;34;10;44;77;19;52;12;41;60;60;50;44;119;33;2;18;45;71;54;45;77;33;27;47;19;32;23;53;46;36;47;78;85;4468
"16/06";101;19;36;142;160;27;37;143;160;90;153;70;221;68;47;107;175;263;149;136;84;186;167;210;108;37;89;161;142;226;89;112;101;35;188;359;148;126;24;31;218;149;159;47;173;160;150;66;66;110;200;5;41;136;33;94;43;109;76;243;64;51;34;360;200;66;48;114;187;94;216;51;112;174;173;133;79;220;81;40;33;160;269;268;105;173;117;102;183;30;111;88;207;152;114;86;136;71;12107
"17/06";16;4;28;34;34;7;15;15;8;10;47;9;23;5;14;18;41;33;85;21;9;51;47;47;47;10;18;23;31;91;19;38;19;13;71;62;27;19;8;4;44;93;35;19;56;36;32;14;5;14;18;-;15;18;6;33;6;20;29;32;19;21;6;47;21;19;7;28;59;15;21;17;21;49;37;23;45;110;18;2;5;22;56;15;31;33;13;10;34;7;8;18;33;23;24;21;83;59;2726
"18/06";10;1;14;30;39;3;8;15;7;9;59;11;11;6;10;21;59;22;71;9;15;52;35;25;55;5;17;32;37;74;26;39;19;19;67;52;23;37;3;13;34;77;27;11;84;31;47;17;13;16;13;-;6;12;6;26;5;12;33;19;16;19;8;40;18;23;11;16;73;6;17;9;22;38;47;20;38;96;12;-;5;35;30;8;30;29;23;10;50;9;22;19;22;22;41;17;52;51;2553
"19/06";18;14;22;19;38;3;17;9;4;5;63;5;22;4;10;17;68;21;61;14;19;94;37;39;55;11;19;17;31;92;24;24;25;17;52;60;41;35;2;11;41;75;30;16;61;39;51;24;3;26;14;6;9;10;18;31;3;18;31;36;11;12;13;48;21;32;13;34;49;11;24;19;18;47;50;31;34;90;13;7;5;25;42;12;28;35;24;4;28;11;14;25;24;15;20;30;156;52;2808
"20/06";11;3;7;18;11;4;11;5;2;4;23;4;17;4;11;17;36;24;42;7;10;23;17;21;19;9;13;13;9;44;11;30;13;17;36;26;21;7;3;6;35;29;25;24;43;19;15;8;6;10;12;-;15;16;11;12;5;17;12;20;13;2;12;15;13;10;6;7;30;8;14;6;12;14;29;14;18;49;23;1;5;27;17;7;25;21;12;4;23;1;15;18;10;17;18;11;113;30;1613
"21/06";4;1;9;6;9;2;4;4;2;-;17;2;11;2;2;3;12;11;25;-;2;7;14;7;10;4;4;15;6;25;10;8;5;7;25;16;20;3;-;-;10;36;15;7;28;8;9;-;2;2;5;-;4;20;3;6;1;3;9;6;9;10;7;9;5;12;2;8;13;2;5;8;2;5;11;16;5;19;2;-;1;7;4;1;7;11;3;7;9;1;8;7;7;8;9;3;13;20;764
"22/06";19;6;23;34;43;5;11;11;11;8;76;13;40;6;11;28;95;44;134;17;25;66;70;50;53;9;23;42;29;122;41;64;33;25;77;80;58;37;7;11;72;97;36;28;116;49;58;21;17;20;15;1;18;19;22;36;8;23;43;45;32;27;16;54;25;35;10;20;65;13;19;21;25;67;67;28;37;116;20;4;7;23;56;19;48;61;36;10;49;10;20;32;29;49;36;26;165;71;3749
"23/06";24;6;14;25;40;3;15;12;9;7;77;12;39;9;27;22;76;40;92;12;19;65;51;30;63;19;23;34;51;105;37;64;36;24;76;64;34;29;6;12;53;85;37;21;81;53;53;10;8;17;24;4;28;21;11;36;1;22;32;26;17;19;21;46;15;31;20;24;75;23;24;16;19;57;61;19;34;144;22;3;7;30;37;15;41;42;25;12;45;13;17;47;26;34;31;22;176;63;3399
"24/06";10;6;20;25;35;7;8;12;10;6;68;8;26;3;9;18;59;31;71;33;22;47;58;41;53;4;21;25;26;119;31;50;34;16;60;75;33;26;5;3;57;70;30;13;77;46;44;23;8;18;19;1;12;22;13;31;2;16;36;35;18;11;10;43;25;28;2;21;70;12;18;17;26;41;59;24;40;93;26;4;5;26;28;15;26;43;28;14;40;10;16;27;19;37;28;26;38;64;2865
"25/06";22;7;24;22;31;9;14;20;4;7;80;12;25;6;17;22;70;46;77;27;21;80;60;40;53;9;27;28;44;90;38;46;23;20;64;77;49;20;9;13;43;56;26;15;84;43;58;14;7;22;13;1;15;27;11;40;1;26;38;32;17;27;23;44;26;26;22;17;82;8;24;14;19;41;52;19;32;108;19;4;8;23;41;16;30;54;24;16;44;7;22;21;24;29;22;21;53;62;3066
"26/06";9;4;14;17;31;5;8;11;4;12;68;9;32;9;14;14;71;34;85;13;16;61;39;38;43;5;15;29;30;104;33;38;23;28;55;63;36;32;4;12;44;59;39;13;78;51;40;15;10;25;13;-;12;23;9;24;6;23;36;25;13;18;6;31;18;18;4;14;64;15;20;16;22;36;46;33;42;82;26;4;11;19;38;16;31;36;19;12;49;3;15;15;31;28;33;23;32;51;2703
"27/06";12;4;11;15;24;5;9;8;11;10;32;60;28;3;17;10;39;38;30;9;18;27;38;29;21;16;17;38;14;54;16;23;14;13;45;59;28;16;1;16;26;40;23;17;46;25;30;23;8;13;22;-;2;26;7;9;5;19;15;47;8;17;10;25;20;17;13;217;36;13;21;10;16;23;43;20;24;49;19;6;6;21;33;18;16;25;10;6;28;4;11;18;27;30;18;20;30;39;2248
"28/06";4;1;4;6;17;1;5;5;6;9;8;3;9;1;5;6;11;17;16;4;7;11;9;16;12;-;10;11;12;34;7;10;7;4;31;23;5;5;1;2;22;23;13;4;23;9;8;4;4;8;15;-;2;10;1;6;-;6;10;11;6;5;5;28;6;6;6;11;18;7;9;7;4;7;17;10;11;16;3;5;1;5;17;13;12;21;6;8;12;-;7;7;12;7;9;4;10;14;886
"29/06";15;5;10;30;38;10;19;31;21;7;75;16;41;10;20;26;88;42;107;20;27;79;65;52;58;10;31;44;61;132;47;49;37;35;78;93;70;32;6;13;48;89;58;12;98;63;55;20;17;21;34;1;18;27;15;38;8;21;41;46;14;28;8;57;26;34;13;43;80;15;32;36;23;84;59;39;40;126;17;4;10;28;50;33;39;61;33;13;55;16;16;26;37;43;26;35;27;60;3766
"30/06";22;5;11;20;34;3;6;11;8;10;80;8;22;8;5;19;61;42;71;11;25;52;44;50;46;16;16;37;39;70;28;52;17;20;54;64;40;30;3;11;53;67;40;16;104;40;44;12;6;15;14;2;14;12;11;29;1;24;23;19;15;12;9;41;25;23;8;29;63;9;18;13;26;37;61;24;43;99;22;6;8;20;47;12;28;61;32;11;48;10;27;22;31;30;24;14;27;61;2813
"01_07";17;5;15;30;34;4;8;7;12;12;60;4;28;10;11;30;44;32;67;22;10;49;52;30;26;9;16;36;33;81;38;52;16;22;64;74;40;28;3;10;42;74;25;16;95;30;41;13;8;20;21;3;10;21;10;42;2;11;32;22;10;21;7;30;16;14;5;19;54;12;13;12;10;45;45;19;41;81;19;4;2;20;34;16;21;40;18;7;42;6;10;21;27;22;22;18;56;53;2591
"02_07";14;7;21;27;28;2;24;4;5;7;56;5;28;8;9;28;72;37;69;24;21;55;63;53;62;6;25;31;39;109;22;48;25;15;56;70;54;23;7;6;48;72;44;17;82;35;40;15;1;23;21;1;6;8;9;34;4;14;32;43;19;21;12;34;21;19;4;17;40;13;18;17;18;27;32;15;49;85;10;2;10;38;34;20;25;54;17;18;44;4;30;24;39;25;25;10;51;56;2811
"03_07";8;2;15;31;43;5;37;12;6;192;85;8;38;10;8;19;51;44;81;19;12;59;45;37;56;8;19;35;35;71;29;54;22;11;76;77;51;21;4;10;47;52;32;13;62;30;28;19;19;28;15;1;11;17;9;29;3;26;34;38;15;18;8;54;34;31;7;19;52;15;19;12;18;43;46;38;37;81;17;3;8;38;38;13;17;52;18;14;34;57;26;24;46;25;24;20;48;69;3097
"04_07";6;1;6;11;18;1;6;12;6;19;14;6;17;4;5;13;26;22;42;5;2;28;16;20;18;7;10;14;14;50;11;29;9;9;35;37;10;12;2;4;27;42;26;7;43;14;22;9;3;4;7;-;5;9;4;14;1;6;14;20;3;9;6;17;17;16;4;29;15;5;6;5;6;12;15;14;23;45;8;-;3;10;23;4;6;22;10;11;18;3;13;13;22;7;9;9;38;29;1359
"05_07";3;5;5;5;6;-;4;5;4;-;6;4;11;-;6;6;11;8;33;4;2;10;9;16;14;-;5;13;12;31;10;12;5;3;29;28;13;5;-;1;9;20;11;8;19;5;16;6;2;5;6;-;2;7;2;9;-;6;13;10;1;14;4;11;8;3;6;5;16;3;7;3;6;3;18;8;6;17;3;5;1;6;10;4;8;8;4;1;12;3;5;9;9;32;17;2;17;14;809
"06_07";14;5;28;32;44;2;47;18;6;6;83;15;36;7;13;28;70;66;106;21;18;67;58;54;49;9;21;68;47;125;80;53;35;20;74;81;43;16;5;9;64;92;36;10;121;57;57;17;12;10;12;1;20;27;15;29;8;36;42;35;26;18;11;47;35;23;7;28;70;11;20;18;20;65;71;27;49;134;25;5;11;24;57;16;26;65;30;9;44;4;21;22;50;31;27;25;65;51;3568
"07_07";28;2;24;39;37;8;5;15;3;10;81;5;37;5;21;23;58;37;85;21;11;72;38;41;38;6;24;51;35;93;26;52;12;17;53;67;36;21;5;14;47;69;47;10;61;26;49;24;8;16;17;2;15;16;10;33;6;21;40;27;12;17;16;37;23;25;27;17;59;8;9;13;34;57;76;29;27;98;19;3;11;25;31;11;24;57;22;9;43;7;13;18;31;16;25;20;38;58;2865
"08_07";15;8;16;25;34;2;7;12;6;1;63;6;29;7;6;23;57;44;98;16;23;63;68;50;54;7;31;48;35;109;29;43;15;13;74;59;40;12;4;9;55;71;38;10;90;35;48;6;10;19;23;1;15;18;11;30;11;33;46;37;10;25;7;60;28;28;31;28;53;11;27;13;16;46;44;19;34;112;21;4;15;24;35;30;27;56;28;15;42;11;27;18;22;24;20;22;34;65;3000
"09_07";20;-;22;14;35;4;10;12;4;7;52;12;23;8;18;20;54;38;78;9;3;46;42;37;47;9;23;42;35;87;27;50;20;9;93;55;48;19;3;8;53;68;37;8;80;34;48;13;7;16;15;3;6;22;5;29;3;28;28;41;13;15;11;48;28;19;1;25;45;10;9;8;17;52;51;29;34;79;21;3;6;13;38;13;38;57;29;6;37;12;18;16;22;26;32;18;38;55;2679
"10_07";26;2;18;20;36;3;11;4;7;14;45;9;36;9;21;21;42;28;100;22;24;52;57;34;46;6;18;38;43;106;34;37;20;11;88;62;39;19;8;15;41;71;33;14;77;30;38;15;8;18;23;2;19;19;13;36;4;12;42;30;11;16;9;54;25;23;5;17;45;9;13;15;19;56;43;26;46;90;21;6;7;34;50;14;26;41;24;12;33;8;30;16;34;18;34;20;26;66;2818
"11_07";9;-;7;16;18;6;5;4;1;4;32;1;21;1;3;5;23;26;48;6;8;25;19;21;21;2;9;14;17;51;5;21;5;8;43;29;15;13;3;6;28;38;28;7;36;9;19;9;3;6;10;-;4;6;1;14;5;9;29;17;5;16;3;22;8;17;5;8;19;5;6;7;6;13;29;17;24;57;5;2;3;10;15;11;9;19;11;2;30;-;18;13;19;22;15;4;11;29;1364
"12_07";3;-;12;5;10;3;4;6;-;2;5;3;4;1;2;5;16;14;33;3;6;10;14;11;21;3;6;14;8;32;3;6;3;8;25;14;11;5;1;5;7;29;13;5;26;10;10;3;-;2;2;1;1;4;1;14;2;4;8;13;2;8;7;8;5;2;1;3;21;-;7;5;6;9;11;17;10;14;4;1;2;4;10;2;4;10;2;6;9;2;7;4;10;18;6;5;11;22;767
"13_07";32;9;26;40;52;5;24;17;9;11;77;17;24;6;15;35;94;45;118;30;23;123;84;61;63;8;32;55;48;144;35;74;24;21;93;78;65;22;14;9;69;107;56;12;121;42;99;25;15;30;17;4;22;27;34;59;8;32;44;59;17;13;17;67;47;43;8;20;75;17;16;10;30;57;62;36;51;135;23;9;12;57;52;7;23;62;40;15;48;10;28;23;47;31;28;25;45;95;4045
"14_07";21;2;12;21;28;3;48;8;9;9;69;8;21;6;6;19;63;37;81;14;24;55;38;38;45;5;26;40;22;88;23;47;22;15;53;76;48;23;5;12;84;72;34;11;74;42;58;14;6;30;11;-;11;16;12;44;11;21;33;37;12;16;8;50;35;23;6;21;47;10;19;12;14;32;47;35;43;101;25;3;6;29;37;14;21;53;28;10;43;5;26;18;22;26;23;20;40;83;2874
"15_07";20;1;16;22;35;3;8;6;5;17;64;9;19;6;14;17;51;28;62;17;12;38;46;38;38;8;30;33;36;67;20;32;20;21;61;48;30;14;8;4;70;65;33;11;66;21;48;13;5;20;16;1;17;11;13;16;6;20;25;28;19;13;2;46;27;19;3;23;60;14;20;12;28;46;38;28;35;94;24;6;2;27;30;15;24;35;29;9;28;7;14;18;21;20;18;16;39;70;2508
"16_07";12;5;11;19;14;4;9;7;4;8;38;7;17;1;10;17;52;22;79;19;5;54;37;41;31;12;15;16;29;50;18;41;19;17;42;45;23;9;4;5;30;55;18;11;81;39;44;7;6;23;9;1;11;10;8;30;8;21;25;22;5;16;6;34;31;14;6;15;42;8;7;10;17;39;46;23;22;80;17;3;5;22;14;9;21;33;29;7;70;4;9;15;20;8;18;11;25;46;2134
"17_07";19;2;8;17;26;3;14;4;4;8;31;6;18;1;6;13;33;27;62;15;5;50;32;34;35;7;12;56;28;58;18;35;15;11;32;59;27;13;3;10;29;55;24;6;36;38;32;10;9;11;9;2;9;9;5;44;3;22;18;25;15;11;8;32;18;12;4;13;24;7;8;6;9;40;33;37;20;65;7;-;2;20;20;6;17;31;19;9;321;128;20;9;26;14;4;12;277;55;2612
"18_07";4;-;5;18;28;-;23;11;2;4;21;4;15;4;7;11;33;32;50;7;6;15;34;24;27;2;9;20;15;39;15;41;11;10;39;38;26;7;2;5;21;36;22;3;34;9;17;2;2;6;5;-;2;6;3;13;2;8;6;21;5;14;6;15;12;10;2;9;19;6;9;2;10;15;15;8;26;54;9;-;2;10;5;8;13;18;22;4;33;3;7;5;10;10;14;8;43;28;1371
"19_07";3;-;3;1;16;-;-;1;1;4;8;-;6;1;3;6;9;11;16;3;5;12;9;11;6;3;8;4;5;17;6;4;3;2;15;13;6;4;-;-;4;25;7;1;17;9;17;1;2;5;2;-;1;7;3;2;-;2;7;6;1;2;1;3;1;7;1;5;12;3;3;2;1;5;10;6;3;16;3;-;2;6;6;1;7;13;5;2;8;1;4;2;5;4;4;-;7;7;512
"20_07";22;5;16;23;44;3;16;9;5;9;59;5;20;2;12;21;62;36;83;17;10;54;39;33;36;7;22;31;45;71;21;36;14;22;71;64;40;20;6;5;34;58;22;13;55;32;36;1;6;7;13;2;13;7;19;35;4;13;24;36;10;20;6;33;19;20;10;13;33;14;14;9;16;53;53;34;28;94;23;3;3;22;26;9;22;50;26;5;32;7;14;16;16;10;15;13;21;70;2428
"21_07";27;8;17;29;55;2;22;6;4;9;94;15;27;10;14;32;97;42;100;24;32;81;76;45;46;14;29;26;45;105;26;50;28;38;72;66;51;22;8;9;125;87;54;26;91;53;55;28;12;19;26;2;32;20;15;58;7;17;29;45;13;15;13;69;30;22;7;28;61;15;27;34;35;59;61;24;40;110;29;12;6;32;49;27;39;38;37;16;31;11;26;27;35;21;29;29;32;97;3590
"22_07";15;8;27;19;43;10;11;14;3;11;64;11;31;4;7;18;59;36;76;21;19;80;53;38;32;8;24;25;44;90;25;36;18;38;64;42;34;16;5;12;69;85;44;5;84;18;46;14;9;12;22;-;26;14;17;46;6;21;32;31;14;17;9;53;25;26;8;16;52;10;31;16;25;53;40;20;16;82;27;3;15;20;46;16;34;45;27;6;29;7;42;20;28;13;14;23;35;87;2842
"23_07";24;5;29;29;44;4;11;14;6;9;51;11;33;6;16;32;53;28;93;20;8;68;52;39;40;3;11;31;28;96;36;41;13;12;52;68;42;12;8;10;48;67;40;11;91;35;52;14;5;14;10;1;14;8;9;30;4;14;32;29;10;19;11;36;22;25;11;22;54;13;13;13;11;29;50;26;36;78;22;7;5;16;30;14;26;32;18;6;40;11;27;19;27;12;24;24;35;70;2660
"24_07";19;8;19;24;36;5;8;6;4;12;59;6;37;10;15;16;64;25;68;30;11;52;35;35;36;13;17;32;35;78;27;35;25;24;51;60;40;17;4;10;39;63;45;20;86;39;47;18;13;15;15;-;23;24;13;29;7;24;34;37;18;30;12;44;17;20;18;25;57;20;14;17;13;45;49;22;33;86;20;10;4;21;25;16;21;59;20;9;31;10;13;29;28;23;21;31;25;57;2712
"25_07";9;3;7;16;26;-;6;7;1;6;28;2;19;2;7;12;22;12;31;10;7;29;40;17;17;3;13;11;11;52;16;21;2;3;26;23;15;6;3;6;16;36;19;6;30;22;32;4;5;6;9;1;6;3;1;17;2;9;19;15;5;7;3;16;12;13;3;8;12;2;5;3;5;12;13;17;24;50;8;3;3;15;9;4;4;23;13;2;20;7;9;7;13;9;16;6;10;24;1220
"26_07";5;1;6;5;3;-;3;3;4;2;11;1;17;-;3;5;13;9;24;4;6;15;12;15;6;1;5;6;5;32;4;12;6;5;18;13;7;4;3;2;9;24;12;4;15;3;16;3;2;7;3;-;5;1;5;10;-;-;7;8;5;15;3;8;5;-;6;7;13;5;2;5;3;7;12;6;5;12;5;5;-;4;9;4;8;6;3;7;10;1;4;4;11;12;1;1;12;25;681
"27_07";23;6;22;33;33;7;11;10;8;8;57;6;40;14;16;19;76;41;88;21;27;52;50;36;48;15;31;31;48;100;32;49;31;19;60;61;43;28;3;9;62;100;55;19;100;33;49;25;9;21;25;2;20;26;19;49;5;19;36;29;26;21;12;45;32;29;7;28;73;10;23;15;17;48;65;24;31;111;25;16;12;31;27;10;18;36;27;13;36;9;24;35;31;13;47;21;25;71;3159
"28_07";23;8;18;30;30;3;14;5;4;15;38;13;33;9;15;21;73;30;87;25;9;55;48;40;24;14;25;26;29;84;31;33;26;19;44;59;63;17;12;8;54;86;57;16;61;30;54;16;11;22;16;1;29;15;13;37;4;16;25;30;13;22;12;54;20;21;14;26;57;16;24;21;14;59;54;30;32;86;20;10;10;17;35;12;25;49;30;8;49;6;25;21;31;14;29;22;23;68;2832
"29_07";17;6;25;29;30;2;7;13;6;7;61;9;36;6;7;26;45;15;67;13;10;48;36;26;41;7;21;14;41;77;28;40;14;22;57;58;30;21;2;8;65;58;44;17;66;41;40;9;4;20;19;2;22;15;24;29;8;13;32;22;19;19;12;31;27;16;12;24;49;13;17;9;18;29;46;27;43;69;18;7;7;25;28;10;25;32;24;8;33;6;28;15;27;19;26;19;25;64;2504
"30_07";9;12;19;33;33;2;12;11;3;7;47;8;25;6;13;18;38;24;75;12;12;54;26;27;43;12;29;24;32;74;18;42;20;20;54;57;52;11;7;12;57;65;32;22;78;40;46;27;12;20;17;1;23;23;9;25;4;19;28;33;28;9;11;27;23;20;19;28;60;18;27;21;19;38;48;22;39;73;11;4;6;32;31;22;17;38;17;7;43;450;16;19;20;22;18;28;34;61;3040
"31_07";19;3;17;25;20;5;15;8;5;5;53;7;38;3;6;18;42;25;61;14;13;46;42;38;37;8;26;47;22;63;30;40;21;22;48;47;38;15;5;11;58;45;34;15;58;33;27;10;10;13;27;1;10;9;10;13;6;18;41;23;16;29;9;37;23;23;9;33;52;13;24;10;17;25;42;30;29;61;14;4;4;28;33;15;25;53;16;11;91;345;21;15;18;11;21;19;70;43;2808
"01_08";7;4;5;19;22;-;8;7;7;1;27;9;18;5;3;15;17;22;40;17;7;27;23;26;13;5;11;14;19;36;11;27;13;8;32;29;21;8;1;3;42;51;30;11;42;12;32;6;7;1;6;1;4;8;12;9;5;13;13;13;6;10;8;26;6;14;5;19;25;5;13;5;8;13;12;21;17;46;15;6;4;11;16;7;8;18;9;1;19;7;18;4;8;9;17;10;11;34;1396
"02_08";4;1;10;6;6;1;3;-;1;5;12;4;9;4;5;7;7;10;15;4;3;12;12;2;15;5;7;9;10;18;2;3;8;2;13;7;10;4;2;1;11;23;19;4;23;2;7;5;1;4;4;-;3;10;-;10;1;4;6;3;5;15;1;5;8;5;-;3;9;4;10;4;3;7;9;8;3;9;5;4;1;3;2;2;9;8;7;2;5;2;8;3;4;5;3;3;4;14;601
"03_08";20;5;11;25;35;5;10;11;6;14;50;10;27;8;13;29;69;39;85;18;18;83;62;26;38;15;26;44;35;92;25;45;32;9;60;56;47;17;4;5;56;92;54;12;88;24;38;8;4;22;13;-;20;18;15;33;4;16;31;37;23;11;5;40;23;21;22;22;60;17;21;18;20;38;31;26;42;120;19;8;7;40;46;15;21;49;16;11;20;11;21;20;21;23;23;17;15;71;2848
"04_08";21;7;14;28;33;9;17;12;8;9;53;9;41;6;15;20;48;26;70;25;9;83;42;26;33;11;28;30;38;86;29;26;15;24;41;52;52;15;2;9;65;66;30;19;67;22;44;24;15;18;12;1;13;11;19;30;3;16;33;33;22;18;6;53;26;32;7;17;38;14;25;9;19;35;45;25;14;70;22;7;11;28;23;13;30;27;23;6;27;11;25;24;18;14;22;17;25;69;2580
"05_08";17;5;10;19;24;3;12;9;6;6;59;7;30;8;12;21;58;22;75;19;16;68;43;19;23;13;17;21;31;91;13;42;26;26;63;39;43;20;7;7;37;73;26;12;75;20;35;14;9;14;13;1;12;11;18;34;7;17;31;25;14;17;7;39;24;19;9;24;40;17;12;15;13;30;26;27;33;75;16;6;9;17;27;12;19;34;28;11;19;9;14;22;21;23;39;21;26;43;2391
"06_08";26;7;13;15;25;10;8;10;3;5;54;4;22;4;9;20;48;29;73;16;20;57;31;32;26;6;17;29;35;57;23;40;18;34;56;46;39;17;7;7;38;72;19;27;72;22;32;22;6;20;12;2;12;21;14;28;6;24;25;28;25;42;14;37;16;31;7;24;37;15;14;12;10;20;41;24;19;89;24;8;4;16;22;13;28;38;27;11;34;8;17;23;28;23;36;19;25;79;2460
"07_08";19;6;18;16;36;8;16;15;2;6;37;7;32;5;12;20;69;34;68;17;15;62;44;32;23;16;23;28;27;68;18;37;12;17;63;57;33;21;3;4;44;61;44;16;68;27;50;20;5;19;9;2;12;17;16;32;1;16;29;30;12;22;3;43;18;16;8;28;43;24;16;7;25;26;50;21;35;97;21;6;7;28;23;9;53;27;23;6;26;2;12;25;17;14;26;17;45;59;2504
"08_08";4;2;6;4;16;1;6;19;4;3;8;6;11;6;7;12;39;13;36;9;8;20;23;10;17;6;13;7;13;41;12;5;11;15;31;29;27;12;2;8;28;45;13;7;33;17;13;6;4;6;10;1;2;6;-;8;1;5;8;15;4;13;6;17;16;5;4;11;20;7;8;7;2;10;23;12;16;47;3;2;1;6;8;15;16;11;9;9;10;4;15;6;15;15;6;6;16;28;1179
"09_08";8;1;4;1;8;2;7;3;-;1;15;2;7;-;-;8;10;12;14;5;4;10;6;3;6;7;4;10;11;8;5;2;5;2;21;16;4;3;1;2;12;27;8;4;3;9;13;3;3;2;7;-;6;3;2;-;2;4;3;4;12;15;-;13;4;3;3;6;17;2;6;7;4;2;7;10;7;14;4;-;1;5;8;4;3;8;6;4;5;-;7;4;6;3;2;4;3;18;580
"10_08";23;4;14;33;36;7;13;13;7;14;52;13;23;5;20;22;55;29;86;17;13;83;47;44;44;7;17;44;29;99;22;45;23;21;71;73;40;18;8;12;71;86;31;14;89;29;47;14;14;21;13;4;23;19;27;33;30;17;34;41;15;20;17;51;24;32;13;27;52;17;18;16;15;34;59;20;34;108;16;7;7;27;32;15;51;46;37;10;35;16;16;22;20;22;17;25;30;73;2999
"11_08";18;3;18;24;26;6;12;5;2;8;47;10;21;7;10;17;45;18;72;26;17;69;39;31;28;10;15;27;43;59;27;31;38;13;58;60;45;15;11;7;66;63;33;15;62;27;44;10;2;11;11;1;10;13;12;27;7;16;30;24;16;19;7;43;23;13;9;17;54;10;14;16;17;40;34;23;22;79;12;4;4;23;36;13;33;48;24;4;26;7;13;21;32;16;24;18;25;62;2423
"12_08";15;4;14;18;40;2;17;10;3;2;35;8;34;4;10;27;47;33;75;21;10;58;33;33;32;5;15;26;32;54;17;27;19;16;35;47;40;23;6;13;52;71;30;16;64;18;30;9;7;16;11;1;7;16;15;15;1;24;23;34;13;21;9;35;10;18;5;28;37;28;19;6;20;27;38;19;17;98;12;-;3;14;32;11;69;46;29;7;26;5;23;14;26;20;25;17;39;57;2343
"13_08";20;10;19;20;30;4;19;5;2;5;57;10;39;6;16;10;46;29;44;25;12;91;33;21;32;12;25;27;21;42;11;24;24;19;23;48;45;8;8;7;56;58;18;21;48;14;28;8;4;10;11;1;14;16;12;11;5;12;20;20;14;8;7;36;24;86;7;20;46;16;11;12;13;43;46;15;18;83;13;6;4;25;24;12;15;29;23;7;25;6;13;17;22;25;32;15;35;49;2238
"14_08";12;1;9;16;26;2;8;8;4;6;42;8;20;9;18;23;34;22;61;13;11;70;29;28;26;10;13;19;27;41;20;16;11;14;35;32;23;15;3;6;36;47;26;18;47;17;41;8;3;10;9;2;13;9;9;20;2;9;20;28;8;14;12;26;18;14;7;21;34;8;12;9;22;29;23;23;21;50;13;5;4;17;22;8;14;26;12;9;17;1;9;13;19;16;27;15;13;41;1817
"15_08";2;4;11;11;12;1;7;3;5;3;12;8;9;1;1;6;15;22;24;9;2;12;11;11;19;11;4;12;12;16;7;11;12;4;14;22;16;6;-;3;21;32;23;5;28;10;16;8;3;3;6;-;3;4;5;10;-;9;18;13;7;8;8;13;9;13;6;14;14;5;9;5;7;11;24;8;16;40;8;7;1;11;14;3;11;10;5;3;9;2;10;10;17;8;6;8;7;26;981
"16_08";8;-;4;4;8;-;3;4;-;-;9;3;8;1;3;7;11;6;23;3;10;12;5;14;5;3;3;8;3;13;4;3;4;7;10;9;11;5;-;1;3;27;6;2;16;8;5;2;2;2;7;-;3;2;4;8;-;1;8;3;1;5;6;10;5;4;-;5;12;4;4;6;2;5;7;3;1;8;4;-;3;6;6;2;4;10;2;2;8;-;10;3;6;8;1;7;9;16;539
"17_08";16;1;16;29;39;3;10;9;9;8;74;13;28;3;6;19;57;26;73;23;10;72;27;43;26;9;29;30;24;67;20;36;32;18;47;55;42;17;8;4;58;62;24;19;66;41;46;13;10;8;19;3;15;15;10;24;3;22;37;30;20;21;10;31;34;29;9;26;59;12;18;10;23;43;48;15;45;71;15;5;5;11;30;18;25;45;29;12;31;4;25;17;24;23;16;25;33;66;2586
"18_08";14;6;13;14;33;2;7;10;3;4;32;13;12;5;4;19;49;29;45;19;9;66;26;15;22;7;13;26;20;49;16;24;16;12;46;46;27;10;5;7;30;46;25;6;40;23;32;12;5;3;9;1;15;18;10;17;3;16;26;31;11;8;8;34;19;9;11;18;32;13;16;8;18;20;30;22;16;52;13;2;6;12;27;13;28;18;18;4;13;4;14;13;21;28;21;17;17;53;1850
"19_08";16;1;18;22;30;7;7;7;4;5;50;5;17;1;8;21;50;31;39;18;16;78;28;29;25;3;13;26;21;53;19;27;11;9;35;34;37;14;3;9;29;61;26;13;57;33;28;17;8;9;18;2;5;13;11;15;4;10;16;26;15;23;12;29;17;14;4;20;22;10;17;3;20;37;32;11;20;57;19;3;4;18;34;10;19;28;24;3;27;6;14;14;18;15;25;12;20;38;1962
"20_08";10;3;12;6;13;5;5;4;4;3;23;5;13;2;4;12;29;9;32;10;6;46;20;18;16;3;8;15;7;26;6;14;10;14;23;21;19;17;5;1;19;34;16;7;21;13;18;5;7;11;11;-;3;4;8;15;2;3;13;11;8;10;3;15;10;8;11;14;32;5;6;3;4;11;17;3;12;28;7;2;-;11;22;10;11;19;13;5;13;2;7;8;16;4;20;2;11;39;1142
"21_08";9;2;4;26;31;6;12;8;3;4;64;5;18;4;3;23;34;20;63;7;9;48;29;25;17;3;15;22;28;32;15;16;37;5;28;28;24;13;4;8;32;41;19;21;48;23;30;15;12;11;13;-;14;15;3;16;4;16;18;26;21;5;8;25;27;18;10;13;57;11;22;8;13;33;26;16;23;63;7;4;3;16;21;17;10;18;8;9;20;5;10;9;32;16;13;12;22;39;1819
"22_08";6;1;10;6;9;2;7;1;2;-;42;6;21;2;3;3;20;14;31;6;1;15;7;14;23;3;14;10;6;15;3;13;22;5;16;14;4;8;4;1;12;30;9;4;16;7;17;1;2;5;12;-;4;7;1;3;1;3;8;10;3;12;1;10;8;9;6;12;30;7;10;1;3;17;15;8;7;22;7;3;1;7;15;5;8;14;6;3;10;3;4;5;11;7;11;6;16;15;880
"23_08";4;-;2;3;8;3;3;3;-;2;14;-;10;2;3;4;5;4;8;4;2;12;6;3;7;1;4;6;7;4;5;3;12;2;4;9;10;4;-;-;6;11;7;3;9;2;7;5;2;3;8;-;5;7;3;1;1;2;2;3;5;3;4;8;1;1;7;4;11;3;9;2;4;5;13;11;5;15;5;2;-;5;8;3;6;15;4;2;4;-;3;5;1;2;2;6;79;18;551
"24_08";29;3;11;22;29;3;10;8;5;7;57;7;22;7;6;20;42;34;59;13;18;63;20;33;37;4;11;22;33;66;17;29;16;13;37;29;42;24;4;4;37;46;27;13;58;29;38;14;8;7;14;1;9;15;7;25;7;11;41;22;9;15;5;27;27;10;7;26;53;8;20;10;15;36;43;22;20;75;17;6;6;22;29;10;11;34;19;11;35;4;16;15;21;20;22;23;52;64;2210
"25_08";13;4;8;22;25;2;7;3;5;5;60;10;19;8;7;16;27;29;43;8;9;54;28;29;35;-;14;18;17;34;12;22;19;8;34;41;37;29;2;6;35;41;18;3;15;19;20;10;11;9;14;-;10;20;15;14;4;15;21;21;8;23;9;30;24;11;7;15;67;5;19;9;11;38;38;16;17;49;14;3;2;15;30;17;16;19;20;1;11;4;38;15;11;17;28;25;198;47;2011
"26_08";15;4;10;30;23;4;6;9;23;12;45;4;15;4;4;9;53;27;66;6;21;32;12;30;36;5;10;21;25;44;21;25;20;9;23;36;26;16;2;9;35;45;24;12;32;24;20;7;4;11;14;1;7;9;11;15;2;17;26;26;14;10;5;28;26;6;7;21;41;11;20;7;17;43;37;20;33;46;12;8;2;27;31;16;26;22;20;7;16;8;9;7;17;12;29;16;53;43;1907
"27_08";15;6;13;19;21;1;10;6;16;5;40;9;18;6;9;14;54;22;82;21;10;39;35;30;26;4;16;29;16;51;19;28;14;9;27;50;27;18;2;4;26;41;21;9;42;19;31;5;7;6;11;-;10;19;5;13;2;12;30;28;17;10;9;24;18;34;6;22;50;9;15;14;12;28;37;21;29;65;11;2;3;18;30;14;24;26;21;5;30;2;16;15;12;9;28;27;53;47;1991
"28_08";7;3;8;15;25;2;11;6;4;3;42;6;14;5;8;19;38;24;59;9;6;35;23;28;33;3;14;17;16;54;8;30;10;18;24;31;31;18;8;14;30;39;22;11;45;10;32;8;5;10;7;1;10;15;9;14;4;13;28;20;16;13;9;35;19;8;11;14;40;15;16;11;17;16;11;27;22;58;17;3;4;14;22;6;22;19;15;6;16;4;18;11;14;12;28;20;29;47;1747
"29_08";4;1;6;7;15;-;1;1;2;4;8;-;7;2;2;6;26;17;26;6;1;19;9;12;10;4;4;14;10;24;10;7;6;7;14;6;11;4;3;3;6;18;8;3;22;4;17;2;2;4;4;-;1;4;4;9;1;4;15;9;4;4;1;14;12;7;1;7;22;1;4;6;4;11;12;15;11;23;4;1;-;5;8;7;4;19;5;1;4;1;4;8;10;8;7;3;6;15;735
"30_08";5;1;3;4;3;1;8;1;4;2;7;3;11;2;2;2;8;11;13;1;1;7;10;9;3;-;2;9;5;19;3;9;4;5;15;6;2;4;1;4;6;11;9;4;13;3;7;-;2;-;4;-;6;6;-;8;-;1;1;6;5;3;2;8;3;3;7;4;9;2;7;1;5;6;10;7;3;10;2;3;-;6;5;3;1;6;5;2;8;-;4;4;4;4;4;5;3;16;477
"31_08";20;2;14;25;23;-;16;11;3;6;52;9;23;3;11;19;42;26;65;26;26;66;34;23;32;5;8;31;19;53;28;15;17;17;19;54;29;18;1;14;48;44;12;7;44;21;41;7;6;18;5;-;10;16;7;15;5;21;33;28;8;14;4;33;30;5;9;13;53;8;30;12;14;50;44;13;29;66;10;3;3;19;27;7;15;24;26;8;19;3;20;19;26;13;22;13;31;38;2074
"01_09";14;4;11;20;28;3;11;4;6;8;47;14;20;4;11;20;47;29;76;15;18;34;30;20;28;4;17;21;22;56;12;8;13;13;16;38;28;10;2;7;40;54;20;10;51;6;25;10;9;23;20;1;9;12;11;13;-;12;16;19;15;7;10;37;25;14;5;30;46;14;12;9;41;29;22;8;15;56;10;3;7;16;25;19;17;19;17;5;11;5;8;12;16;18;14;13;142;36;1958
"02_09";13;1;13;17;20;6;9;3;-;5;31;7;26;2;10;12;34;23;57;11;14;42;27;12;24;7;15;15;23;40;11;5;25;14;21;44;27;20;8;10;39;38;23;9;52;21;27;16;13;15;15;1;9;8;5;18;2;9;21;22;11;13;11;38;20;14;9;14;40;13;31;25;14;37;15;5;16;53;20;1;6;8;23;9;20;28;13;7;14;9;14;11;12;13;15;12;322;33;2036
"03_09";11;-;8;15;29;2;6;7;1;1;41;4;24;7;6;10;30;27;27;12;9;33;12;24;26;5;11;14;14;29;17;8;11;12;13;23;21;12;2;7;32;27;11;10;36;10;24;10;7;12;11;-;7;12;12;14;4;8;17;13;11;7;3;35;21;9;9;23;51;7;21;10;23;48;14;8;16;50;13;3;3;12;29;11;12;29;9;5;16;2;19;17;8;11;20;13;45;31;1522
"04_09";4;8;4;14;22;4;7;5;1;-;40;3;19;2;3;14;21;13;41;16;23;18;20;14;22;5;9;8;23;35;13;16;20;11;7;34;21;12;4;6;36;32;12;5;46;17;21;10;5;20;13;1;13;12;7;11;2;13;13;12;10;8;10;26;18;5;3;14;33;13;11;10;13;21;20;7;14;40;12;1;2;15;15;5;12;12;10;6;9;4;5;12;15;9;8;11;20;25;1347
"05_09";3;2;4;12;17;-;5;1;3;1;7;2;6;2;-;3;8;17;12;6;7;6;3;15;13;1;7;5;8;18;10;11;8;6;6;10;10;4;1;2;9;13;13;5;17;4;10;2;4;5;7;-;4;7;6;3;-;5;7;5;2;6;2;15;14;5;3;6;13;4;3;4;8;11;9;2;5;18;6;1;1;6;9;1;4;5;6;5;7;-;13;5;2;9;2;5;7;23;635
"06_09";3;1;5;2;7;-;-;-;-;1;1;2;5;1;3;2;2;3;14;3;-;5;5;4;2;3;4;2;6;6;4;2;2;1;3;7;7;2;1;2;5;8;2;4;10;3;6;1;3;-;-;-;-;2;1;2;-;-;6;2;-;3;2;6;1;1;2;2;19;2;-;2;3;6;4;5;4;6;2;-;-;4;3;2;5;4;4;-;-;1;-;4;8;2;5;1;2;7;300
"07_09";2;-;2;6;8;4;1;3;1;2;6;-;3;1;1;4;16;18;14;4;9;8;5;6;7;1;8;2;11;9;10;2;7;8;3;11;9;3;-;6;16;16;6;5;8;6;12;3;1;4;7;-;3;4;3;3;-;5;5;4;-;8;1;10;9;4;1;10;13;3;5;5;10;9;9;6;3;23;7;1;1;5;8;4;6;5;5;1;7;1;11;3;2;9;7;4;5;18;571
"08_09";17;4;17;27;33;6;11;7;4;13;42;9;33;5;12;14;40;31;44;18;20;45;21;31;30;7;16;24;33;56;23;23;19;17;13;37;40;19;5;-;40;27;14;6;51;20;20;11;12;24;16;1;18;10;7;15;-;11;22;22;14;12;9;38;20;21;7;17;51;10;17;15;22;33;26;7;22;56;14;1;3;26;18;11;17;12;28;4;17;2;14;10;26;9;24;20;17;35;1918
"09_09";11;4;11;8;25;7;16;3;1;9;25;3;17;4;4;9;26;17;26;18;6;39;15;24;20;3;7;17;26;32;14;23;11;19;25;33;31;17;2;7;26;33;13;4;33;28;25;13;3;13;13;-;9;19;4;7;3;11;12;16;9;13;10;31;20;10;7;6;26;8;16;9;23;24;19;14;15;45;16;4;1;12;22;16;14;26;23;5;19;5;8;13;25;16;14;14;14;34;1506
"10_09";16;4;11;20;22;2;9;16;3;1;34;5;13;1;3;13;24;27;50;13;10;26;16;21;19;6;12;15;22;26;18;15;19;7;16;41;11;16;4;2;30;26;10;8;24;12;23;6;3;19;13;-;10;9;5;8;4;12;16;26;10;26;4;25;15;10;5;12;23;4;12;11;16;43;20;12;21;45;9;4;2;18;21;14;10;18;13;10;21;5;5;18;25;17;19;11;26;32;1485
"11_09";4;4;3;13;24;2;22;8;2;2;27;1;16;3;6;14;20;16;35;17;5;39;19;9;15;4;16;21;11;22;7;12;14;12;16;35;19;13;4;4;14;22;20;5;29;11;13;7;6;6;12;-;8;12;8;6;5;15;13;12;11;4;7;25;13;13;5;10;38;7;10;8;23;18;11;13;7;31;14;8;4;15;15;6;11;16;13;3;11;7;14;5;18;15;13;14;20;31;1267
"12_09";1;-;1;7;12;1;2;1;2;1;8;5;8;1;5;1;7;12;13;6;-;10;6;4;8;2;1;11;4;14;6;14;7;5;2;7;4;4;3;-;11;13;9;6;3;2;14;3;1;-;4;-;2;2;-;3;1;2;10;9;2;3;1;12;3;5;1;4;7;1;8;4;2;5;11;6;4;23;12;1;1;2;10;2;4;4;7;6;5;-;2;9;6;3;4;1;7;9;498
"13_09";4;1;7;2;5;1;-;-;-;1;1;2;4;-;-;2;9;5;5;1;1;10;10;2;5;2;-;4;2;11;3;3;-;2;1;5;-;4;-;-;4;9;1;1;4;2;6;2;2;4;-;-;1;1;-;-;-;3;7;4;7;6;3;11;3;1;5;5;7;2;1;1;5;3;10;5;2;7;2;2;1;4;1;2;3;4;4;2;1;-;2;4;1;1;2;3;1;17;307
"14_09";15;8;8;21;29;4;20;9;4;12;27;1;21;4;12;11;45;21;47;25;13;42;28;16;22;10;16;19;22;22;14;12;28;20;11;39;29;15;5;4;27;36;22;11;37;17;27;8;12;12;8;1;16;17;6;8;-;17;17;26;8;15;5;18;30;8;3;15;45;9;12;10;18;27;25;12;8;45;18;2;1;16;30;5;14;14;20;7;18;5;10;15;15;13;11;11;20;37;1651
"15_09";8;4;5;17;17;4;5;3;3;2;29;4;18;3;4;9;21;18;38;17;9;33;10;16;22;6;14;19;20;26;13;14;9;9;10;17;20;11;5;4;26;20;12;8;23;16;19;5;6;6;7;-;2;13;5;5;-;6;18;17;14;10;6;31;29;7;6;12;29;5;7;5;9;21;19;19;19;41;8;-;3;6;22;7;10;14;15;2;17;5;15;9;8;9;10;12;19;40;1250
"16_09";10;5;8;6;22;5;7;6;1;1;27;6;9;1;8;12;23;14;30;12;11;23;17;12;20;5;5;8;17;26;11;10;10;14;10;22;26;12;2;4;23;17;17;9;28;5;17;7;6;7;7;-;6;11;7;2;3;13;19;13;11;3;9;24;12;5;6;13;33;9;14;4;13;22;15;9;21;27;10;2;3;10;25;6;11;9;15;1;11;4;9;14;12;12;14;15;17;32;1177
"17_09";10;2;9;11;19;4;5;3;1;2;22;4;9;6;1;15;29;17;36;8;6;41;20;19;17;6;8;14;21;25;8;10;14;17;13;18;19;11;1;5;24;25;8;10;26;14;17;10;8;9;6;-;14;14;10;7;1;7;9;16;11;6;6;22;13;8;9;13;29;9;5;6;13;22;8;4;14;40;12;1;2;15;27;7;18;12;8;3;15;7;13;16;13;15;20;8;21;39;1251
"18_09";12;9;5;11;12;3;9;4;5;3;19;4;5;4;5;4;37;13;41;10;3;29;18;12;18;8;9;9;17;29;5;11;11;17;6;13;31;6;1;4;23;22;16;14;27;14;12;7;7;8;5;1;16;14;15;5;2;8;13;10;18;15;12;24;12;9;6;9;34;8;22;6;14;27;21;6;11;30;11;-;-;11;15;7;12;13;13;4;11;7;7;10;12;9;11;13;22;29;1212
"19_09";1;2;2;4;9;2;1;2;1;1;2;2;1;1;5;4;-;6;13;8;1;3;3;6;4;2;4;10;8;10;2;9;3;1;2;13;8;4;-;-;9;12;7;3;10;7;4;1;3;5;6;-;6;4;1;3;-;1;17;2;5;2;1;10;5;7;3;1;11;2;2;1;2;3;4;2;4;13;1;1;3;-;3;4;5;5;3;-;3;-;5;2;8;3;4;2;5;13;409
"20_09";3;-;5;1;3;-;2;4;-;1;8;-;2;4;3;8;8;5;14;-;1;4;4;3;3;2;5;3;3;11;2;2;1;-;1;4;3;1;1;3;3;13;2;2;-;2;6;3;3;3;4;-;3;2;-;1;-;-;6;2;2;2;2;3;2;2;1;2;7;3;6;3;1;5;7;2;1;6;2;2;1;3;7;3;2;5;1;3;6;-;8;6;2;2;3;1;17;13;327
"21_09";10;6;3;16;20;2;13;2;8;6;44;3;14;6;12;11;23;24;48;16;2;41;16;18;30;5;8;16;25;38;15;14;10;14;20;19;33;14;2;2;23;18;19;18;53;11;24;6;4;7;14;1;12;11;13;9;3;6;13;19;16;9;9;18;25;10;11;18;39;12;16;13;11;20;25;10;20;32;21;1;4;19;27;11;18;21;19;6;21;5;12;29;15;15;20;16;28;39;1574
"22_09";6;3;5;14;15;1;7;8;3;7;21;6;14;4;10;12;20;13;30;11;11;32;12;20;24;7;11;20;20;19;12;15;9;10;13;25;15;14;3;1;20;24;10;21;21;10;15;4;7;7;10;-;7;20;9;5;1;5;12;15;17;3;5;25;16;7;3;16;30;8;13;3;10;19;25;2;19;38;4;-;2;14;29;11;19;22;15;4;8;4;6;22;13;12;14;7;16;26;1233
"23_09";8;2;10;12;14;3;10;5;2;2;16;10;15;3;7;5;18;10;30;11;12;17;7;22;16;5;5;13;23;25;11;11;10;10;8;20;22;10;3;3;17;25;10;70;30;19;15;8;6;5;9;-;5;16;11;8;3;11;10;6;15;6;7;21;18;5;3;9;28;6;19;7;14;17;23;7;19;28;12;1;3;15;23;12;10;17;13;5;9;4;16;20;9;13;7;18;24;35;1248
"24_09";10;11;9;12;15;2;15;4;5;3;23;7;7;5;7;14;31;13;24;10;6;22;10;17;30;3;13;13;8;16;8;12;10;10;11;29;27;5;2;4;21;6;18;38;27;6;13;4;6;16;9;-;7;9;11;15;-;11;8;19;13;8;7;21;17;6;3;13;33;10;6;4;9;27;16;11;13;36;10;1;4;20;33;6;9;16;13;3;12;6;4;9;13;11;16;6;27;32;1231
"25_09";15;3;11;12;22;3;5;5;1;4;23;5;8;4;3;5;19;12;34;17;11;13;11;23;17;8;5;17;12;18;13;18;8;6;11;20;24;5;2;2;17;10;19;12;23;11;12;2;10;8;8;-;5;10;7;2;2;12;8;11;14;5;4;26;14;9;3;19;30;4;6;11;10;12;14;8;12;29;8;1;1;9;18;9;9;16;12;3;17;4;8;18;13;5;15;12;12;24;1088
"26_09";7;-;-;5;2;-;-;1;1;-;12;2;3;-;1;4;7;7;16;4;-;4;3;4;10;3;7;5;5;13;5;3;10;4;4;3;5;4;-;1;9;10;9;4;5;2;4;4;-;2;3;1;2;8;-;2;1;-;14;8;6;2;2;6;4;4;2;2;14;5;1;3;5;3;7;1;1;13;4;-;1;3;7;1;2;7;5;-;2;3;3;2;5;3;3;1;14;8;408
"27_09";5;1;5;1;3;-;1;2;1;-;5;1;4;1;1;4;3;4;9;-;1;3;2;1;4;2;1;2;5;7;3;-;2;1;4;9;5;3;1;-;1;5;4;3;2;1;7;-;-;1;4;-;2;1;4;1;-;-;2;1;3;3;-;3;2;-;2;6;4;-;4;3;1;3;10;3;2;3;2;-;1;2;8;1;6;-;2;-;1;1;6;1;4;5;-;3;-;19;260
"28-09";12;4;9;18;16;1;10;5;3;2;36;4;21;3;8;21;22;14;34;15;6;26;12;30;14;9;15;18;17;33;6;5;18;21;21;31;27;8;-;3;31;26;21;11;34;14;17;5;3;12;14;-;13;15;6;4;5;16;11;12;18;9;12;37;16;5;11;9;23;16;20;14;9;28;25;7;18;38;17;1;5;10;22;11;11;15;27;9;21;11;12;21;11;8;15;14;30;51;1485
"29_09";9;2;1;17;19;5;8;5;3;2;29;8;10;4;2;6;17;13;17;6;10;22;6;12;12;8;10;12;14;17;12;10;5;9;16;27;28;12;1;5;24;27;11;8;24;17;23;6;7;12;12;-;6;8;5;14;1;7;20;5;12;8;12;24;14;5;5;9;21;5;11;4;14;17;18;10;7;33;12;3;4;14;26;6;5;22;9;4;14;6;9;11;25;16;18;8;43;35;1187
"30_09";8;6;14;20;15;1;6;6;2;5;22;2;11;7;12;11;14;21;25;8;11;18;14;17;7;7;11;13;17;21;9;12;8;14;22;21;17;1;6;2;16;20;20;15;29;10;20;5;5;8;13;-;15;9;7;3;4;11;11;11;16;4;15;12;16;7;6;12;30;8;17;10;9;22;19;15;6;16;7;2;4;18;17;8;14;11;10;7;14;4;4;18;17;13;8;7;35;27;1181
"01_10";7;2;5;12;13;-;15;6;-;4;11;5;15;2;7;11;32;6;18;6;10;12;7;22;18;5;14;8;9;23;13;5;5;11;13;20;14;9;3;1;15;14;9;4;21;12;21;6;6;9;5;-;12;8;5;2;-;10;13;9;6;5;6;15;12;10;2;11;14;5;11;12;8;7;19;4;4;26;4;2;1;8;7;3;7;11;10;3;11;6;4;9;11;18;11;12;26;26;947
"02_10";11;2;9;11;11;5;12;6;2;4;11;5;14;1;5;8;7;19;27;11;7;9;14;14;10;4;13;13;11;17;6;6;9;9;12;16;24;5;2;3;10;6;16;10;36;14;33;15;6;4;7;-;43;10;12;1;2;8;8;10;11;5;8;19;5;9;8;11;29;10;13;10;7;13;18;12;6;27;17;1;4;9;7;3;13;17;11;5;26;4;8;9;15;5;16;13;55;27;1122
"03_10";-;1;5;8;9;-;1;1;-;-;8;3;2;-;-;3;12;9;12;2;4;6;4;8;5;1;9;4;-;8;3;4;3;2;8;7;3;2;-;1;5;8;11;2;6;8;4;5;1;2;2;-;1;-;1;2;4;2;2;4;7;3;2;10;5;4;-;6;10;1;18;6;2;7;7;10;5;3;8;-;2;2;4;1;3;5;-;2;12;-;3;5;5;1;5;3;72;11;478
"04_10";2;-;4;2;4;-;1;1;-;-;2;-;4;-;3;3;6;5;10;-;-;5;3;2;3;2;8;1;1;8;5;1;4;4;3;1;8;-;-;-;2;2;2;4;3;2;2;-;-;1;2;-;2;-;1;1;-;-;2;2;1;-;1;5;2;-;3;-;6;1;-;-;1;2;5;4;3;3;2;-;-;1;-;6;2;3;2;2;1;3;2;-;3;6;-;2;3;9;218
"05_10";15;3;2;8;22;4;14;7;6;5;22;7;8;3;4;11;22;19;50;16;9;16;16;21;16;7;20;12;14;25;10;7;12;3;21;28;17;11;1;3;18;20;6;21;21;18;7;8;7;4;16;-;8;11;4;4;5;16;21;10;17;3;9;31;9;7;6;17;20;9;10;8;9;25;26;6;25;30;9;-;3;9;18;3;16;11;17;4;13;5;9;10;19;12;14;10;21;43;1255
"06_10";8;1;6;16;13;3;3;4;3;1;11;4;7;1;8;11;17;22;16;8;7;17;9;14;29;6;8;16;15;24;7;6;12;11;11;18;17;6;-;3;16;23;11;7;17;11;12;7;2;8;4;-;8;7;10;4;2;9;4;13;5;5;3;16;6;7;6;16;38;12;13;18;8;15;13;8;7;26;21;1;5;14;9;6;18;9;12;4;8;4;6;13;17;6;11;10;13;17;1000
"07_10";13;3;4;12;18;5;8;6;2;8;16;2;3;6;3;9;17;16;26;15;5;12;8;14;12;4;7;18;13;23;20;7;6;14;4;23;13;7;4;1;22;31;5;8;26;14;19;11;8;4;8;-;3;10;8;2;-;7;13;10;16;2;14;21;10;6;4;13;24;12;3;3;7;19;8;7;7;30;12;2;-;11;16;6;14;13;20;2;8;-;6;5;13;8;14;5;12;24;1013
"08_10";6;7;11;14;18;5;11;18;3;3;16;7;8;5;6;4;35;11;26;28;7;14;14;7;16;3;18;15;13;22;8;8;12;26;9;14;16;5;1;2;17;16;16;10;12;7;9;4;7;5;5;-;10;12;8;6;3;8;9;20;11;3;9;10;8;7;4;14;34;4;6;11;10;17;13;26;11;19;16;1;1;17;7;17;13;13;17;3;13;2;3;14;8;6;19;10;17;22;1092
"09_10";6;8;14;8;22;8;8;7;1;4;42;4;14;7;10;6;15;8;55;16;7;7;11;13;19;11;15;19;53;14;12;9;14;17;21;26;16;4;3;1;19;28;29;18;22;9;28;7;10;13;8;1;11;10;5;6;-;8;8;22;9;6;12;22;8;8;5;18;46;11;12;5;5;26;22;20;15;26;10;-;-;14;15;7;16;28;12;3;10;3;4;14;14;10;8;10;27;29;1327
"10_10";4;2;6;7;5;-;3;2;6;2;22;2;5;2;4;5;9;6;16;2;7;12;7;9;9;3;5;12;34;8;1;8;3;6;5;12;6;4;2;6;9;6;8;9;11;9;4;1;2;8;5;-;2;7;5;6;2;1;3;6;3;10;9;14;6;5;3;3;13;1;36;2;4;2;7;10;5;8;7;1;-;-;5;3;9;5;5;2;14;7;3;11;11;1;1;4;10;8;621
"11_10";1;1;5;3;2;2;7;2;-;-;1;2;2;3;-;1;3;1;4;-;-;3;5;-;4;2;2;4;9;15;1;-;4;6;-;1;8;-;5;5;1;3;2;5;3;1;1;3;1;1;2;-;3;1;2;1;-;-;-;1;-;3;1;3;1;-;-;3;6;1;2;1;12;1;1;2;4;5;1;2;-;1;-;-;2;1;-;2;2;9;6;2;2;4;1;3;2;8;239
"12_10";-;2;1;1;6;-;4;-;-;-;3;1;2;2;2;1;11;5;15;4;2;4;4;2;6;1;9;3;4;5;4;1;6;1;2;14;7;2;-;1;5;4;3;4;3;4;6;1;2;1;-;-;-;3;1;-;1;3;1;4;1;2;4;3;4;3;3;6;9;2;2;2;4;1;8;4;5;8;1;-;1;4;2;1;4;3;2;2;4;1;2;3;6;4;9;2;4;10;320
"13_10";10;8;5;17;20;9;11;8;2;4;23;8;7;5;8;12;26;26;60;12;6;21;16;16;26;4;22;14;19;36;23;8;19;12;2;16;30;3;-;5;21;42;13;9;35;19;28;8;9;21;5;-;10;10;6;9;2;10;10;12;6;4;12;24;10;13;3;15;48;11;7;13;12;28;30;5;46;64;25;1;3;19;15;10;14;15;13;4;9;6;8;14;26;9;15;11;25;43;1494
"14_10";4;7;8;12;20;6;17;3;2;5;42;8;14;3;6;12;32;17;54;12;6;26;25;19;32;2;17;12;23;33;15;13;23;21;22;28;33;7;4;4;11;38;19;20;31;11;48;16;2;11;12;-;19;5;8;8;3;8;11;9;13;6;5;33;13;13;9;14;38;6;81;15;19;18;25;20;13;34;20;1;4;12;16;12;8;44;9;7;20;5;9;12;9;10;16;7;32;24;1591
"15_10";6;3;7;10;13;6;7;4;-;2;16;8;10;5;5;9;30;16;26;16;4;20;39;13;16;4;15;32;10;61;10;4;9;14;12;20;23;7;2;3;18;26;15;7;22;8;12;24;3;11;5;-;11;5;8;8;3;4;5;13;16;15;6;19;9;8;4;11;35;6;9;11;15;18;18;6;11;42;12;-;2;6;19;3;20;14;9;4;11;4;5;7;12;3;18;19;28;28;1208
"16_10";13;9;1;13;22;2;7;5;1;3;16;8;10;5;7;12;22;11;71;9;1;20;13;7;16;8;10;16;27;48;11;5;22;17;13;18;22;8;2;2;14;20;19;12;27;9;14;24;7;17;7;1;10;9;10;11;2;12;11;15;20;8;3;17;10;9;4;15;28;7;5;6;7;12;13;6;8;37;17;2;2;15;9;7;23;27;8;6;9;1;2;12;13;5;11;14;37;31;1250
"17_10";6;2;1;1;8;1;2;1;-;-;23;1;6;-;1;10;18;4;12;8;2;61;10;4;9;1;3;7;11;21;4;4;5;2;5;7;6;3;2;3;15;13;8;2;3;2;9;5;1;-;1;-;3;1;14;23;-;2;6;6;2;4;5;9;2;6;5;2;18;6;4;2;1;5;9;5;13;14;6;1;5;5;5;1;8;11;2;2;5;1;5;4;6;3;6;75;15;12;679
"18_10";3;1;1;4;3;1;4;-;1;1;2;10;2;4;1;1;-;2;8;2;-;1;3;3;5;1;5;4;2;4;2;-;3;5;5;7;1;2;-;1;3;3;2;5;4;1;2;4;-;3;-;-;-;5;24;2;-;2;-;-;2;3;1;3;1;2;11;7;12;2;-;4;2;4;3;6;6;3;4;1;-;5;1;-;2;6;-;-;2;1;2;4;2;-;2;1;13;5;288
"19_10";11;6;14;15;13;6;8;5;2;2;43;5;16;2;7;9;24;11;53;20;3;31;13;11;17;6;15;4;20;31;9;4;15;20;8;25;15;6;5;6;21;44;8;12;35;15;16;18;5;6;11;-;16;12;12;3;2;11;39;16;19;8;6;16;5;7;15;14;41;24;9;5;38;23;16;7;2;60;28;-;4;5;10;4;17;18;16;2;8;2;9;17;7;4;28;16;15;42;1405
"20_10";6;2;5;11;8;5;6;3;3;4;20;5;10;7;5;12;27;11;58;11;5;32;10;4;13;8;19;4;28;29;9;5;18;14;20;11;22;2;-;1;32;19;7;7;29;2;19;14;8;9;10;2;7;5;4;5;1;10;34;11;8;16;12;24;3;14;21;11;39;4;3;9;13;12;9;1;21;22;12;1;3;4;12;12;12;19;18;8;7;6;5;11;12;11;32;21;47;31;1234
"21_10";7;8;3;5;12;4;10;5;6;6;33;1;15;1;2;13;24;15;62;16;2;21;17;13;10;3;9;8;25;22;5;10;9;7;5;19;12;11;1;4;22;31;15;13;28;13;7;21;4;11;5;-;7;7;1;7;-;7;14;13;20;6;7;25;9;6;4;11;29;8;6;4;18;10;19;1;13;29;13;3;2;11;14;4;9;15;10;10;4;1;3;13;9;12;19;14;56;18;1152
"22_10";10;5;12;12;13;13;8;5;3;-;37;5;13;3;7;13;24;20;58;21;4;25;18;11;6;7;6;7;29;23;4;11;20;14;45;21;24;9;5;4;53;20;13;13;32;3;12;9;5;10;8;-;14;7;10;2;-;10;12;14;18;12;12;28;7;5;3;15;35;5;9;8;33;32;16;21;22;36;12;4;1;13;17;7;12;18;29;4;19;4;6;24;7;8;13;10;32;46;1425
"23_10";9;2;8;17;11;5;12;10;4;3;24;8;12;2;14;19;36;12;48;23;5;25;16;13;13;10;32;13;44;18;13;6;29;10;31;21;36;10;4;2;23;20;15;15;18;14;6;9;4;8;6;1;16;3;11;6;3;9;13;16;16;10;10;28;7;8;22;13;68;9;12;6;17;23;22;7;9;32;22;2;3;26;13;4;21;19;18;7;8;8;11;24;17;4;10;22;38;24;1466
"24_10";3;2;2;7;5;1;3;1;-;2;8;5;1;2;3;6;8;5;17;7;1;9;8;2;7;3;3;4;9;11;1;4;5;3;1;6;6;1;1;3;13;9;6;17;12;2;3;6;5;2;2;-;10;-;-;2;1;3;4;10;1;9;5;12;3;4;-;3;11;2;5;4;5;3;8;8;4;10;5;-;1;3;3;4;6;7;3;1;7;2;1;5;2;5;1;3;19;9;467
"25_10";1;-;2;1;2;-;1;2;1;-;2;3;6;-;6;10;3;-;11;-;1;2;3;-;3;-;2;-;6;3;-;2;-;4;3;3;1;-;2;-;6;10;8;1;2;5;1;1;1;-;-;-;1;3;1;1;1;-;4;-;3;1;-;10;4;-;1;3;6;4;5;1;5;3;7;3;1;1;1;-;-;1;1;-;8;5;3;-;-;1;-;-;1;4;1;4;5;5;230
"26_10";8;9;12;22;16;3;12;13;3;2;46;6;10;5;11;10;39;20;99;9;4;31;28;10;11;8;17;13;40;25;21;12;23;26;20;25;24;7;5;7;40;32;13;19;30;12;9;12;3;5;-;2;17;11;8;8;-;7;19;14;21;14;13;37;10;13;2;21;58;8;14;14;16;22;18;10;31;49;14;-;3;13;21;8;25;24;19;5;8;1;10;8;18;27;7;16;58;25;1654
"27_10";8;4;7;16;12;-;5;-;1;4;32;3;13;2;11;12;39;14;65;8;5;25;39;8;11;3;16;6;34;35;9;9;16;12;8;20;33;12;3;4;32;27;18;14;29;13;17;17;5;7;6;-;14;10;6;10;3;15;19;10;16;6;6;39;9;19;7;15;48;10;5;8;12;15;14;6;7;18;16;2;4;7;13;3;14;16;16;-;12;5;4;16;14;6;14;10;40;20;1328
"28_10";5;4;4;18;15;5;11;7;1;5;32;4;10;2;5;19;16;12;36;7;5;12;33;4;19;3;13;11;21;31;5;11;24;10;21;9;16;9;2;2;32;55;8;15;21;6;11;12;5;7;5;-;13;6;9;17;-;14;14;13;7;11;13;18;8;11;5;19;56;6;7;4;12;22;18;1;28;34;17;3;4;11;15;12;26;12;10;2;7;8;5;11;9;10;16;11;51;23;1285
"29_10";11;4;5;13;11;3;13;4;1;5;25;6;5;4;15;15;29;15;59;10;9;10;28;10;18;6;14;7;28;14;5;6;28;22;21;14;19;12;5;3;29;36;17;21;19;7;14;11;17;10;6;1;10;5;7;12;2;6;11;21;14;7;11;26;5;11;3;12;61;8;5;10;4;9;14;8;11;32;14;2;3;12;8;9;19;13;11;3;16;5;2;12;11;7;13;13;40;27;1285
"30_10";9;6;8;9;13;2;3;1;3;-;4;4;5;5;5;10;19;10;27;11;5;9;14;11;4;5;13;4;13;14;3;3;19;14;2;14;17;-;1;2;20;15;10;8;11;8;7;9;2;3;4;-;13;9;9;7;2;10;1;12;22;3;9;19;12;9;2;9;37;5;6;6;4;15;13;4;9;25;21;-;2;9;4;11;10;8;11;4;6;4;3;12;11;13;10;16;12;14;871
"31_10";2;1;2;9;10;-;3;1;-;1;7;1;2;-;5;2;10;5;16;3;3;4;4;3;3;-;5;1;10;3;5;5;6;12;1;2;12;2;-;-;13;9;5;3;4;3;6;2;2;1;4;1;3;3;1;7;-;5;3;3;2;5;2;6;1;4;-;1;13;-;2;2;2;2;5;1;3;10;4;1;1;6;2;-;7;4;4;4;-;2;-;4;5;-;2;5;19;9;379
"01_11";-;-;1;5;3;-;1;1;-;1;3;1;4;2;-;2;4;2;11;2;-;4;4;1;1;1;3;-;5;6;1;2;4;3;1;2;1;5;2;-;7;7;-;-;3;1;1;2;2;2;2;-;1;-;1;1;-;-;-;1;1;2;7;3;-;-;1;1;7;-;1;6;1;1;5;3;3;6;2;1;-;-;4;1;2;2;2;-;-;-;2;2;5;2;-;3;17;7;220
"02_11";1;2;1;7;4;1;2;1;-;3;15;1;1;3;1;6;9;10;19;3;3;6;2;4;2;2;4;8;8;7;-;2;8;4;9;5;6;1;2;-;8;9;19;2;17;2;3;1;-;-;2;-;3;2;2;4;-;5;5;1;-;6;1;7;3;4;2;5;21;3;1;6;6;5;5;1;3;15;4;-;3;2;3;4;6;3;3;1;1;1;1;9;5;2;2;9;12;8;431
"03_11";7;3;6;12;12;4;3;3;1;4;22;7;14;2;11;7;30;17;33;12;10;21;14;12;29;10;21;14;34;13;22;7;22;14;13;16;24;6;1;2;25;18;21;11;30;11;12;8;4;9;7;-;16;7;3;14;1;16;5;20;19;6;8;23;9;17;-;20;48;17;13;4;9;18;9;3;12;35;23;1;2;16;10;8;15;10;20;4;14;5;5;17;13;8;10;28;97;31;1360
"04_11";5;1;5;8;10;3;8;4;3;-;22;2;17;3;10;17;12;7;25;5;4;14;14;7;10;3;18;8;7;13;6;5;19;16;4;12;16;13;3;-;23;6;6;8;14;8;8;13;8;7;6;-;10;3;9;5;-;4;12;11;8;4;14;17;6;6;2;8;51;7;5;8;10;16;13;7;21;30;11;-;4;11;10;6;13;11;13;2;6;11;3;14;14;5;11;5;115;13;1031
"05_11";-;3;2;-;1;1;1;-;1;-;2;2;-;1;2;4;2;-;5;1;-;2;3;3;1;2;3;1;2;5;1;1;4;8;-;1;10;-;-;-;5;4;2;5;4;1;2;3;2;-;1;-;6;1;2;2;-;-;5;-;1;1;1;5;-;1;-;3;12;1;2;3;1;-;4;-;1;5;3;1;2;2;5;2;2;1;1;-;1;1;-;4;1;-;1;3;1437;4;1632
"06_11";-;-;-;-;1;1;-;2;4;-;4;-;2;-;5;2;7;1;2;1;1;2;1;1;1;2;-;2;1;3;1;-;-;1;-;3;2;-;-;-;2;1;-;1;3;3;2;-;2;2;1;-;1;-;-;2;-;1;-;1;1;1;1;2;-;-;2;-;3;1;3;5;2;3;1;1;1;1;1;-;-;1;-;-;5;2;1;1;3;-;1;3;2;-;1;1;1354;2;1481
"07_11";-;-;-;-;1;-;1;-;-;-;1;-;-;-;3;4;3;1;2;-;-;7;1;-;-;-;2;2;2;3;-;-;-;2;1;-;9;1;-;-;2;3;-;-;5;-;1;2;-;-;-;-;3;-;-;2;-;-;-;-;1;-;1;1;-;-;-;1;2;1;1;1;-;-;1;-;1;-;3;-;-;-;-;-;3;-;3;-;1;-;-;4;-;-;-;-;494;8;591
"08_11";-;-;1;-;-;-;-;-;-;-;1;-;-;-;4;1;1;-;-;-;1;2;2;2;2;-;1;-;3;1;-;1;-;4;1;5;2;-;-;-;-;-;1;-;2;-;1;-;-;-;-;-;1;-;-;-;1;-;-;-;-;-;-;1;-;-;-;-;3;-;-;1;-;-;1;-;-;-;3;-;2;-;1;-;1;-;1;-;-;-;-;3;-;-;-;1;252;1;312
"09_11";1;1;1;2;5;-;2;-;-;1;6;2;2;1;2;4;1;3;3;-;-;4;4;1;2;-;3;1;2;-;1;2;1;5;3;2;2;-;-;-;-;2;-;-;1;-;-;-;1;-;-;-;3;1;-;1;-;-;1;3;-;1;-;4;1;1;2;-;5;-;-;3;3;5;1;2;1;1;6;-;1;1;2;1;2;3;1;-;1;-;1;3;2;-;1;-;1812;8;1958
"10_11";11;3;7;13;14;3;24;16;3;4;41;5;10;9;16;21;35;19;29;11;10;22;15;15;15;21;16;12;30;23;12;14;14;33;18;21;18;12;2;6;45;49;20;32;43;17;12;8;7;11;16;1;31;14;17;10;1;12;17;26;21;6;15;32;15;14;6;20;55;12;18;12;11;31;21;11;13;47;19;1;5;23;14;15;19;22;10;8;11;5;7;26;23;16;9;30;80;47;1762
"11_11";13;12;8;20;15;6;14;3;-;7;22;5;20;6;21;17;28;22;29;23;9;14;13;12;18;7;25;7;35;17;9;12;21;25;8;23;33;15;3;3;44;26;16;17;31;9;8;13;9;16;11;-;31;21;8;14;2;12;14;21;19;10;17;39;26;12;9;15;46;14;15;18;14;29;34;5;16;40;26;6;1;18;29;14;26;14;25;8;9;8;8;17;18;8;16;24;24;26;1626
"12_11";19;15;4;11;13;8;15;4;5;6;35;9;14;5;18;19;44;20;49;26;17;24;15;19;17;12;21;9;28;16;8;6;22;32;17;28;37;13;4;5;37;26;18;22;31;15;11;16;16;8;14;1;30;14;20;15;1;13;17;17;24;9;25;47;12;18;16;24;65;22;15;15;20;30;18;8;18;49;23;-;10;22;23;17;53;13;17;7;5;24;7;30;6;8;20;44;63;39;1897
"13_11";8;9;6;11;25;3;15;7;2;6;20;6;31;2;18;18;39;14;48;21;9;25;13;19;9;10;24;12;24;36;13;8;26;24;18;7;25;14;2;2;47;31;14;19;40;12;15;13;10;18;19;-;18;9;13;3;6;6;16;18;26;5;16;47;17;9;11;25;42;23;26;26;14;36;16;5;19;45;19;5;5;13;23;10;22;13;22;8;6;4;8;26;32;16;23;41;31;25;1716
"14_11";5;1;-;8;7;3;7;7;4;-;10;8;6;1;9;6;14;8;16;13;4;6;5;12;3;1;11;3;15;6;6;5;5;7;3;13;13;-;3;1;17;6;12;10;5;5;4;10;2;7;7;-;18;2;12;3;2;2;3;5;5;5;8;24;9;6;8;6;30;3;5;7;3;12;8;3;7;15;14;2;3;4;4;6;21;6;14;-;-;2;2;14;7;3;6;6;7;10;682
"15_11";1;2;1;3;1;1;1;2;-;1;4;1;9;3;7;5;2;4;6;1;1;4;-;2;-;3;4;2;8;4;-;-;5;10;3;4;3;-;-;-;10;-;-;3;4;-;4;5;-;3;1;1;4;1;1;3;-;1;2;2;6;4;1;17;1;-;1;5;16;1;2;2;2;2;2;2;3;13;10;2;1;3;3;3;3;5;2;-;1;3;1;9;-;1;6;4;6;8;304
"16_11";27;6;9;34;21;5;15;7;4;3;49;9;29;8;15;27;53;26;45;22;13;52;34;30;28;13;25;16;51;31;39;14;53;33;22;31;39;8;3;5;46;33;31;29;42;17;20;12;16;18;22;-;35;15;18;5;7;9;21;32;24;12;19;58;21;15;7;25;67;14;27;16;19;54;41;15;45;68;48;3;9;36;25;19;30;20;29;13;17;8;6;20;26;13;35;20;34;56;2396
"17_11";24;8;12;28;21;5;15;4;-;5;23;5;19;10;22;25;32;20;59;28;9;28;23;17;26;25;45;7;42;18;23;19;43;23;19;29;40;9;7;8;63;22;25;29;43;9;19;10;8;21;10;-;25;10;18;17;5;15;14;32;23;11;16;45;27;17;4;33;75;11;11;26;28;41;33;12;25;51;20;4;9;31;16;16;34;22;32;5;12;9;10;26;24;13;21;33;26;27;2099
"18_11";19;9;7;18;20;7;20;5;3;4;49;10;20;5;25;30;46;18;46;28;16;37;28;27;25;12;24;18;31;31;18;20;24;24;20;38;52;17;9;7;60;25;26;18;24;25;23;19;16;14;14;2;31;22;9;10;1;11;10;28;21;7;9;59;20;16;6;18;68;19;22;20;27;28;29;10;10;51;23;3;6;39;26;26;29;29;39;8;13;4;6;28;20;12;20;34;40;52;2152
"19_11";24;12;7;28;37;9;17;9;4;9;43;16;20;12;27;32;41;27;41;35;4;34;26;24;34;14;26;28;38;26;27;17;49;29;27;40;54;10;5;10;52;17;20;27;33;17;33;29;11;19;15;-;38;19;20;7;8;24;8;45;34;13;23;48;30;12;12;28;72;20;24;24;25;46;27;11;16;55;31;5;8;48;22;9;31;22;32;11;15;10;7;44;26;14;29;33;58;45;2434
"20_11";16;4;7;16;10;3;7;4;2;5;40;9;27;7;14;21;34;25;35;14;2;40;15;16;15;18;21;12;39;30;15;18;37;27;11;14;28;12;2;6;54;17;18;17;29;13;16;15;18;16;10;1;27;9;18;9;2;12;12;17;30;14;15;50;25;5;8;27;61;14;8;20;26;35;19;5;11;45;29;3;3;27;15;13;34;18;17;3;9;7;4;17;15;11;24;17;43;40;1775
"21_11";3;-;1;16;10;2;4;-;4;2;8;7;3;-;4;17;14;13;14;8;3;12;6;6;8;6;14;5;9;8;7;5;4;7;5;11;8;3;7;3;30;9;9;4;7;6;11;5;7;5;3;-;5;11;4;1;2;5;3;11;4;6;5;31;8;9;2;5;21;7;3;9;14;10;18;3;17;26;5;-;1;9;-;4;8;7;3;3;4;4;4;7;8;9;7;7;14;16;723
"22_11";4;2;3;1;1;-;1;-;2;2;2;1;1;5;6;6;8;5;15;2;-;7;5;2;4;2;6;3;7;15;6;5;4;8;-;5;5;-;2;-;5;4;4;3;8;6;8;-;3;1;2;-;8;2;1;2;-;2;2;-;4;-;4;9;2;-;2;16;17;4;6;3;1;2;12;1;2;11;9;-;2;4;7;3;4;9;2;1;1;3;3;3;6;7;2;5;7;18;406
"23_11";16;2;5;24;21;-;8;8;2;7;54;17;14;9;19;28;44;17;54;12;12;47;21;24;37;4;24;16;41;20;30;10;26;28;23;31;45;4;2;3;58;36;12;17;43;21;13;12;15;11;16;3;28;12;15;5;-;26;17;28;17;4;11;55;21;20;9;24;93;12;11;25;19;63;23;5;14;57;29;3;11;30;27;8;28;24;35;3;9;10;7;27;20;16;32;21;36;42;2098
"24_11";17;6;5;29;16;4;36;4;9;7;44;14;14;4;19;22;42;23;42;10;17;27;30;24;26;26;32;15;29;17;26;6;31;39;14;38;44;11;3;8;45;18;29;17;47;21;12;15;6;9;10;1;17;10;11;9;2;15;21;28;21;8;17;48;21;19;8;32;68;15;16;19;9;34;16;8;22;73;12;4;10;18;18;13;39;21;19;10;10;10;3;38;23;11;15;34;32;41;2008
"25_11";7;6;-;11;20;2;10;4;1;5;27;6;9;8;6;12;23;6;39;16;5;28;20;15;14;4;17;9;18;14;12;5;26;17;12;27;30;6;4;7;16;16;19;8;28;9;13;14;8;8;9;-;16;4;6;6;-;2;10;11;16;6;11;30;14;11;-;21;59;7;4;8;10;31;21;10;6;45;19;1;3;15;15;4;16;12;16;7;7;4;6;16;19;5;14;13;24;36;1273
"26_11";23;11;7;39;18;10;13;12;7;5;45;10;25;8;17;28;36;23;34;26;11;31;22;39;24;12;36;23;40;19;28;20;38;44;39;40;29;10;8;12;24;20;29;30;40;18;30;23;17;12;15;-;24;17;11;9;7;24;16;33;44;6;17;56;24;19;8;44;79;19;26;17;25;45;46;14;24;68;20;3;7;31;18;9;41;17;37;6;19;20;13;35;26;12;19;18;45;36;2334
"27_11";19;4;4;28;19;9;18;11;5;8;40;14;12;8;16;23;34;14;41;29;7;30;18;44;17;15;42;9;34;24;18;17;27;29;26;28;50;4;4;8;22;16;34;34;27;15;21;21;11;14;12;-;15;15;15;1;3;20;28;10;22;4;22;32;15;13;11;31;60;15;16;13;16;41;28;9;30;55;33;1;11;29;13;7;27;20;25;5;13;12;9;42;37;5;25;18;30;45;1981
"28_11";6;3;1;9;10;6;4;1;1;1;19;4;5;6;4;7;7;13;20;7;5;12;8;11;3;10;9;6;9;10;5;5;11;11;3;19;12;4;4;2;5;8;16;4;25;6;3;5;4;5;2;-;12;4;4;1;5;3;9;5;11;5;4;8;11;2;2;3;25;15;4;5;8;13;14;6;8;31;16;-;1;6;13;7;13;5;9;8;8;17;6;14;5;5;19;13;4;14;777
"29_11";3;1;-;5;2;3;2;1;2;1;4;1;2;3;2;6;-;6;9;2;4;6;5;6;2;2;4;3;2;4;4;2;8;8;1;4;4;1;1;1;4;-;4;-;4;8;4;1;1;2;-;-;2;4;4;1;1;2;1;8;3;3;5;6;2;3;-;8;26;1;2;3;1;9;4;3;1;6;4;-;3;4;3;2;8;5;2;2;1;1;5;19;2;-;3;5;11;14;358
"30_11";14;9;9;29;17;2;12;12;2;6;45;14;21;8;20;24;43;23;62;27;12;37;28;28;18;18;29;20;41;29;40;14;26;35;19;39;58;16;4;6;18;20;21;12;56;23;24;12;16;20;20;2;23;18;13;10;-;16;22;27;21;7;28;39;28;25;12;38;73;13;26;23;6;38;39;9;19;66;31;2;6;23;27;14;37;18;32;8;15;9;15;31;21;20;33;31;45;51;2268
"01_12";9;2;-;16;15;7;8;4;7;3;27;10;10;4;21;20;26;17;49;21;5;32;17;18;14;6;20;11;31;30;41;14;19;21;18;31;48;4;6;10;16;34;13;13;34;11;19;11;6;6;6;2;19;14;10;9;4;11;14;14;19;5;15;27;16;10;8;13;44;3;4;12;20;34;24;5;17;51;27;4;5;20;22;8;28;15;21;9;11;6;7;21;11;10;26;20;53;68;1657
"02_12";17;13;4;21;21;5;14;13;5;4;25;10;13;7;18;25;14;12;39;23;11;15;12;8;10;12;28;14;31;13;9;12;14;27;16;21;32;3;6;9;16;17;11;33;28;24;3;11;6;12;11;3;21;12;21;14;3;9;14;17;21;5;19;38;22;9;5;24;46;18;15;13;12;23;16;6;10;36;21;2;4;17;16;13;33;9;16;5;14;13;5;21;13;10;23;22;26;49;1562
"03_12";12;4;5;10;15;8;21;6;3;4;11;5;11;5;27;22;12;17;29;17;11;26;8;16;5;12;26;18;30;22;5;12;15;29;11;12;42;5;2;6;14;12;15;19;16;15;15;18;7;19;10;-;30;5;13;15;3;13;27;16;37;6;15;41;12;9;7;17;41;18;14;26;10;20;17;7;16;40;29;1;5;12;14;10;18;15;22;3;15;13;14;39;10;4;22;8;73;80;1599
"04_12";11;3;5;4;16;5;17;10;6;6;26;16;5;8;15;14;20;7;23;14;5;28;20;16;7;33;18;5;29;14;8;7;21;32;10;23;28;4;5;7;18;9;10;16;25;21;11;9;6;8;9;1;22;15;13;10;-;9;9;12;25;2;12;27;10;9;17;22;26;26;13;11;14;13;7;6;4;18;22;2;4;23;19;8;25;5;13;5;11;16;9;17;10;3;19;30;47;90;1424
"05_12";2;1;4;1;10;1;12;5;-;-;5;3;-;4;4;6;2;2;7;2;5;7;4;2;3;10;3;4;9;6;3;2;3;12;1;8;19;2;-;4;9;1;4;9;8;5;7;4;2;2;11;-;4;2;4;1;2;1;2;2;6;1;7;10;1;1;6;8;4;11;9;7;4;6;4;5;1;6;10;-;3;5;13;6;13;3;2;2;3;2;1;8;6;3;4;5;18;43;505
"06_12";1;1;-;3;-;2;3;-;-;-;2;-;1;1;2;3;3;-;-;-;4;12;3;4;2;1;4;-;4;5;1;1;1;4;3;1;10;-;-;1;3;-;-;1;-;-;1;-;-;1;2;-;1;-;2;1;-;-;3;3;3;-;-;3;1;2;-;-;2;1;4;1;2;3;1;2;2;1;6;-;-;2;2;5;1;-;1;2;2;3;-;1;7;3;1;1;7;11;184
"07_12";12;9;4;6;7;6;17;3;2;4;14;9;9;10;14;20;16;4;19;11;8;19;8;14;6;10;16;8;20;15;3;3;11;32;6;17;48;4;2;6;14;15;5;14;24;10;6;9;15;4;9;-;29;10;8;7;1;3;14;10;24;6;10;24;5;9;7;16;23;14;11;26;13;18;11;6;7;11;16;1;5;16;12;7;28;8;15;7;7;11;6;22;11;6;18;15;28;59;1198
"08_12";9;7;3;13;9;4;18;5;4;1;23;9;10;3;11;22;27;9;10;10;8;15;9;14;14;19;8;5;8;20;6;9;17;19;8;22;34;3;3;4;19;14;3;21;16;7;12;9;7;6;14;-;16;12;15;2;-;5;6;8;18;8;13;26;7;13;15;17;35;9;25;16;13;19;13;5;7;14;19;2;5;16;16;4;18;10;15;7;9;12;5;25;11;16;21;27;117;64;1336
"09_12";16;6;2;10;8;3;16;7;2;3;18;7;6;2;15;9;14;5;16;12;7;9;6;19;14;17;12;7;16;10;8;10;17;29;13;27;34;6;3;3;9;6;3;19;9;10;10;26;9;5;14;-;17;14;13;7;1;4;7;10;10;9;10;10;1;12;3;16;30;12;13;14;4;15;10;11;4;16;18;-;3;7;12;15;24;12;25;4;6;8;8;28;4;12;9;19;86;63;1200
"10_12";13;1;2;5;9;3;8;12;6;4;13;10;14;9;17;11;15;7;7;8;3;13;12;7;6;11;21;9;16;9;2;6;14;25;11;11;25;3;4;5;13;17;3;21;11;8;7;7;18;3;7;-;19;10;14;4;-;10;7;20;11;5;9;27;3;8;4;16;29;13;10;8;11;17;15;5;12;23;18;-;7;15;11;5;20;6;10;4;5;3;9;21;9;6;12;16;29;48;1066
"11_12";8;4;1;8;13;4;8;7;2;4;9;9;8;5;13;9;11;6;7;2;5;10;10;12;8;17;7;3;16;11;2;7;15;21;8;15;21;3;1;6;1;6;8;18;8;13;5;16;8;-;5;1;14;14;9;9;1;6;6;7;15;4;13;11;3;2;5;15;16;17;16;10;4;10;9;12;9;13;21;-;4;14;9;7;24;10;10;4;2;23;5;15;10;6;10;19;23;37;928
"12_12";2;-;-;-;-;2;-;-;1;-;1;-;-;-;4;3;1;1;3;1;-;-;2;-;-;1;2;1;3;4;1;-;1;2;1;1;3;-;3;-;2;1;-;-;2;-;-;2;2;-;1;-;2;1;4;-;-;-;2;2;2;-;1;1;-;-;-;1;6;1;1;-;3;2;2;-;1;1;5;-;4;2;1;1;2;-;-;-;-;4;2;2;-;-;1;-;3;5;119
"13_12";1;3;-;3;1;-;3;8;-;-;4;1;1;4;2;3;5;1;6;1;-;-;-;3;3;4;3;-;6;1;1;2;2;4;-;-;7;2;-;1;1;4;4;4;2;-;7;3;4;1;11;-;4;3;-;2;-;-;-;5;1;-;3;3;-;3;-;2;2;12;11;-;1;2;4;1;3;6;3;-;-;3;3;-;1;7;3;2;-;8;2;6;11;2;4;4;7;14;275
"14_12";5;2;-;1;1;1;4;5;-;1;6;3;6;1;6;10;11;7;5;2;3;5;1;5;3;6;8;4;4;12;-;5;8;30;6;-;6;1;3;6;2;15;1;10;9;6;7;7;6;3;4;-;16;16;9;3;-;-;4;6;10;-;10;7;6;7;1;7;12;12;6;5;1;5;1;2;2;7;5;1;3;3;3;6;13;6;3;1;4;5;2;7;3;1;8;13;17;31;553
"15_12";17;5;5;3;16;12;27;6;4;6;14;10;4;15;16;22;19;16;22;8;8;16;15;16;20;7;18;5;35;25;9;11;17;24;10;29;23;11;3;8;11;27;5;19;24;8;10;28;15;5;6;-;21;14;9;5;1;14;10;12;26;2;18;29;10;9;15;30;34;17;18;37;8;22;20;15;7;25;26;2;5;14;14;6;35;14;12;9;19;11;11;34;8;6;10;41;26;67;1513
"16_12";25;7;2;11;10;1;20;5;3;4;8;8;8;14;16;22;20;11;15;12;7;18;18;18;6;17;20;15;10;13;2;2;15;28;8;19;17;3;1;9;9;14;3;17;24;4;7;15;14;7;21;1;28;16;8;5;3;-;11;13;12;7;15;8;3;7;11;10;37;20;31;19;4;23;18;3;10;24;29;2;4;24;10;20;14;6;11;13;14;8;7;33;13;12;15;19;17;59;1280
"17_12";20;7;2;9;3;4;17;5;1;2;4;7;10;8;7;17;19;6;16;14;4;11;16;16;6;8;19;9;11;12;9;6;9;16;13;14;19;4;8;6;12;5;7;12;12;12;4;7;9;3;9;-;10;18;3;1;2;7;6;10;6;4;8;16;6;2;8;7;36;8;14;12;8;23;19;2;6;16;30;4;1;9;10;8;13;7;10;10;11;5;8;21;12;8;14;19;35;41;1020
"18_12";20;7;3;8;5;6;13;9;4;1;5;10;8;7;22;11;16;5;13;7;10;15;19;10;10;10;24;4;8;12;6;8;21;37;10;18;13;9;2;3;10;13;6;19;15;6;6;12;12;10;14;-;19;11;12;6;1;7;6;5;9;3;22;19;9;10;9;5;40;9;26;11;10;24;13;13;8;16;11;2;8;13;19;14;30;10;16;9;6;7;8;24;8;6;21;23;34;62;1206
"19_12";14;-;2;8;-;1;2;1;2;1;3;1;1;1;4;8;5;4;1;9;1;1;3;10;-;3;4;2;8;7;2;5;3;18;1;5;7;3;1;1;7;1;2;4;1;7;4;3;5;4;4;-;8;7;1;-;1;4;1;9;9;1;9;8;6;4;2;5;8;14;6;1;4;9;6;-;1;7;4;2;-;19;2;8;8;1;6;1;-;1;3;7;8;3;5;4;13;24;445
"20_12";-;-;2;-;-;1;4;1;-;1;2;2;3;2;1;5;7;1;4;-;1;2;3;2;-;3;2;-;3;3;-;-;3;7;1;3;7;3;1;1;2;6;5;10;2;2;1;3;3;3;8;-;6;3;7;1;-;-;1;4;4;-;1;-;1;5;2;10;7;3;4;2;-;8;2;1;3;6;3;2;-;3;1;4;12;1;1;4;3;-;2;3;-;21;3;6;6;18;300
"21_12";-;-;-;-;-;-;1;-;-;3;-;2;-;-;-;-;1;-;-;-;-;1;-;-;-;-;1;-;-;-;-;-;1;3;2;-;1;-;-;-;-;-;-;2;-;-;1;-;-;-;1;-;1;-;-;1;-;-;1;-;-;-;-;-;-;-;-;2;3;-;1;1;-;2;-;-;-;-;-;-;-;1;-;1;-;2;-;-;-;-;1;1;-;-;-;1;-;2;41
"Total";2725;1062;2067;3713;4895;860;2547;1761;1014;1354;7881;1628;4126;1136;2211;3370;8205;5058;11361;3035;2128;8146;5982;5156;5753;2671;3629;4204;5117;10768;3696;4878;3785;3841;6690;8461;6879;2900;817;1332;6900;9994;4574;3146;9842;4296;5603;2376;1730;2507;2605;165;3386;2773;2693;3864;710;2948;4392;4601;2984;2562;2174;6506;3532;3311;1617;4122;9090;2360;3192;2608;3068;5824;6097;3158;4652;11410;3601;713;1001;3793;5158;2429;5250;5327;3595;1438;4796;2343;2666;4132;4222;3199;3903;3853;14431;10146;410210